# Michael Biggeri, Flavio Romano, Ionut Alexandru Ostache
# Rage Against Machine Learning
# ML-CUP25
# 23/01/2026
1,-0.7676567417144033,-9.063141413285722,5.270197984109621,1.813528429952549
2,-58.214200996533954,-5.546058006837357,-46.64783784595102,-6.494776595148159
3,-5.454949044362629,-2.384662203743447,-5.638673830498953,1.3290081933014464
4,-43.7469202907641,-2.608032611761877,-30.274351327091157,-3.8101479893055683
5,-42.52691938795241,-11.880641790980485,-30.19936518715789,3.214752367622939
6,-1.0203149151562902,-8.075732934230953,3.435736449092925,0.7918948545925688
7,-67.95753926354242,-3.358146099005529,-43.55112001147836,-2.9814325854308534
8,-2.3688999346652877,-13.760625111812738,7.951719355116587,3.517679851737904
9,-6.560503366764312,-43.69270935431559,25.52425129366944,10.967408906904147
10,-0.4517356437205527,-5.954615858946631,3.954840214580596,2.141904355572946
11,-5.9135008485872795,-35.89345589057047,22.73979611350129,12.143803687381036
12,-5.615860604421223,-36.25625140245198,17.912805906464957,7.055797032005874
13,-5.1027551920969545,-23.614491847906894,13.490457884004018,4.62512319434413
14,1.497841414634461,-6.487196115408728,2.3704624489250787,-0.2217733944582074
15,-10.60899903692397,-2.9138905284349015,-10.862845429251292,-0.1491169020659853
16,-9.17932206707788,-36.833719002956535,23.191255839199126,8.383918694145766
17,-39.12479561882807,-3.3515640772922723,-32.06139807747771,-4.399570811304165
18,0.12175618789998159,-12.010410694037267,3.4065217887662853,-1.802818018707348
19,-24.456816537356303,0.2736413600500534,-21.393102535078626,-4.951977956804348
20,-5.642519313271766,-30.54576244727213,19.471993393232726,9.088944992907134
21,-51.8349387081225,-4.446844168260086,-37.105464506615895,-3.070467540137681
22,-1.4055490686753644,-9.871399310980626,7.114643128246367,3.6576568399740133
23,-2.440427127655273,-28.63719819759765,10.037237993409535,1.2680912926666807
24,-45.66844942487868,1.1577588838791957,-33.87813747770558,-7.244352170340928
25,-8.831948621249124,-41.89768448248942,27.408621024618842,11.742964835452325
26,-59.485820793286884,-1.4966455178999791,-46.932703543175954,-6.604769814523769
27,-3.3821298213560635,-31.875250247870273,21.021653762986563,9.734168858813531
28,-3.5909570040066296,-0.5995721298003087,-0.41250771132081687,-4.282240061474554
29,-12.500905377840922,-41.10962651943603,26.686399093797107,8.190185627825347
30,-57.19849270897699,-2.3953996377730262,-45.69152916319141,-6.418276378028306
31,-6.340459250585163,-35.99511884426513,21.600518610606887,10.065859249718276
32,-63.22159515140049,-8.975560891384273,-43.731469043562505,-2.2294428631789613
33,-14.68251771050287,-3.019791650528102,-14.498425213962493,-2.0820724253979455
34,-54.276409807976016,-6.267793404812007,-38.72166717893849,-2.3507839327183495
35,-60.7705421677986,-6.87895622626383,-41.09901830401987,-0.4398803199457257
36,-3.5539610020080463,-39.09021606818278,23.44542421055863,13.153435789284394
37,0.7259550311407196,-12.214492388322341,-0.46883107073078495,-4.571164318435105
38,-61.01826161461664,-4.347348916286617,-47.36087470101287,-6.013587781302842
39,-53.048013074374126,-5.821594305589188,-40.115589031050305,-4.461753237756802
40,-47.85178568281325,-2.0738474406345575,-34.362625011274915,-3.6840882981943217
41,-45.72123275516026,-0.786246210589398,-30.3327692831255,-0.34004583807062394
42,-6.192373288845942,-41.31346931830485,25.604649257193305,11.465696574734933
43,-6.142782313799784,-43.276961393907065,23.25664314779669,9.6946477209402
44,-53.8130029272794,-1.7637263017439733,-36.15327982949187,-2.324105529499762
45,-42.476405484652446,-1.4322477060103307,-34.577049144575696,-5.45850183915368
46,-63.95649912275466,-5.869800158097733,-45.17193656014373,-3.260944434516343
47,-3.6984140904505307,-31.40455570593912,19.958908907105826,8.517433646060315
48,-56.77141764082106,-4.19486894980509,-42.88289376941293,-4.473835138989203
49,-5.652392072653696,-34.090964384629714,19.974634480009776,10.305635543154962
50,-39.58475051639073,-0.785392828538407,-31.329838641951184,-4.334952541701707
51,-41.88008088188959,-9.016833491876115,-30.377419678836763,1.8731394325567157
52,-70.25890479800694,-2.6653789557560175,-46.598258861372564,-4.714852242184393
53,-8.298868142739858,-48.36870994940836,30.864644161393542,15.334267866102145
54,-58.08283108788324,-3.804156850034385,-41.392731873660985,-5.7051492815342675
55,-3.170734130517568,-13.559524126603591,7.423016420533558,1.1983570769302916
56,-51.82591313439203,-6.210912294938553,-40.79409365700652,-4.923791238181504
57,-54.88933629113031,-9.10134719585815,-40.15681319283416,-0.5399117007977892
58,-6.914244118507629,-35.167532352362464,21.037058399647773,9.210595221804864
59,-61.53021115380121,-3.903584547593583,-40.124596802860204,-2.686190752697699
60,-53.45715461490147,-3.714972563340653,-41.75128417061736,-7.113875496896816
61,-34.16118751285069,-0.9035813289427649,-25.006343094974458,-2.864392785740607
62,-7.594477080480183,-32.67459844326415,21.18724814209372,8.961855025576837
63,-6.8738343747217705,-45.22227452968994,27.74464451425304,13.206622055656995
64,-9.233325703120157,-44.57030779893636,27.112975151866973,11.069138607866849
65,-6.474918209687794,-35.18047498440185,22.4894822354419,10.809012027072198
66,-7.853671921467707,-44.20844879523356,27.619867912461658,12.077800205833997
67,-54.29731434899164,-6.501738893741756,-37.58190143949757,-0.6528156136599311
68,-7.437192085560088,-45.75265541449625,29.444911908636787,11.54380267012843
69,-45.54803723412348,-4.011543539915869,-33.409555006493825,-2.8750432218240825
70,-9.517144941464986,-37.27050565456786,25.12059715542227,10.696817647901462
71,-5.26160039819869,-30.490306921555984,20.4605660751763,10.388819944349217
72,0.5601606635491739,-2.4215342572623384,1.545826168388427,0.023520858573205378
73,-18.55816255328648,-1.3514002886954835,-11.168170977105397,2.000312379486647
74,-8.096337848083104,-51.09119326646566,30.54138162884146,13.328732581424005
75,-64.02580645002517,-1.913072812313228,-41.97833081927866,-3.358913052591396
76,-12.418725831484721,-1.276808090760697,-12.255621958245534,-2.1452738727258773
77,-6.350945083475039,-36.767016478135574,24.002481650839545,10.889224928108142
78,-37.37592540500157,-2.6969848749581864,-28.138240703413587,-2.0146800165501366
79,-24.072831176892844,-6.100232867155859,-14.280732044050792,3.3893959586692723
80,-7.984813395317321,-41.25279782986083,26.569511444896758,10.998480241981433
81,-4.818779387251462,-43.020984399074706,25.633948675324817,12.124552340792901
82,-63.76106518822504,-3.716673600429683,-43.039970922936696,-6.770069548003587
83,-4.70025058902892,-30.070928958807773,18.550036541154288,9.951697281487075
84,-36.72995060997797,-6.292929180219162,-22.167628336419366,4.023620965815869
85,-4.642538796540028,-29.14410025651692,17.09631291183859,5.113046419111179
86,-4.854408803756958,-22.779557613287754,13.041503103107514,4.086515994357355
87,-24.29752320366693,-2.9981483298087013,-14.505919504632253,1.269123118606495
88,-64.57113840498123,-6.664864130570877,-40.04642380125294,-0.15148491513005188
89,-2.246240450119898,-20.068989185248203,10.61204041195939,2.57298335580755
90,-53.45201240298741,-4.58554449454386,-41.47758218494028,-3.736039229743394
91,-6.08314892468445,-37.16346143459716,19.416713865131438,8.276156516360528
92,-17.122502508934264,-1.3335753110591462,-9.246997404565116,3.727051488049117
93,-8.257171733355447,-27.367254006618648,16.89500414483776,3.6673362369212383
94,-52.125341438428485,-7.908643591159969,-33.60119140989552,-0.8513744160659242
95,-7.383473205741172,-31.700728483750808,18.361729414791167,5.2190775190664205
96,-3.6063918800909573,-11.708549089982498,7.191238772402506,1.2865992401910693
97,-1.822143011466588,-16.00705312466064,10.70299493425121,5.80617202469437
98,1.0832883336385832,-1.898344315841187,2.208025208642384,0.7385992621255787
99,0.31417150183909465,0.25645482266506653,0.5439349428120263,-0.29830059758098215
100,-6.942844756619061,-48.17133942023356,29.538405926555694,15.25349594303696
101,-1.6238482924063258,-7.314801641061295,5.363870413631499,1.4278319691491992
102,-26.171232882316833,-5.157318460697322,-22.811954864332776,-2.0033671344446273
103,-18.64124205030593,1.8524010700440516,-12.673932759433685,-1.7627335523691903
104,0.3393108316501723,-9.04465364193359,5.229684543143015,0.9165738041075936
105,-6.695524477140034,-44.9665753719751,28.3916639800174,15.470485301303155
106,-44.19165422834548,-5.746106374019771,-34.142450221846204,-1.582762989911152
107,-41.916895889417255,-14.2540116983199,-32.45361030943165,2.02998277692724
108,-38.38426051852696,-2.511142162237951,-30.634324598778985,-2.8882578894622255
109,-46.93806586978428,-8.977088637902726,-31.803474315474134,0.3943869784348082
110,-52.90055150109125,-7.736799347156673,-35.02689986275603,0.5207837934169045
111,-22.84077885069045,-4.060648111258337,-22.62331347512176,-3.57370692840488
112,-45.366436663444766,-4.55655259664296,-31.18209795998504,-1.1318261111902326
113,-71.3700212073087,-2.638571647558996,-46.38986322131723,-4.270713203661355
114,-46.170456909314716,-10.192453372234493,-36.402734009891454,-0.5273950383193422
115,-5.473357124304697,-44.509013879055175,28.047319681972564,14.619204125292386
116,-0.7363968076069408,-22.211713222418613,5.02216616424948,-1.201922166856838
117,-36.939437253451274,-3.465866394593705,-25.100815980106294,-3.0645918732014423
118,-63.28073313154372,-7.008705206468094,-47.83441055662403,-3.476734269174648
119,-60.40092788455479,-10.771447487428176,-44.418388573795255,-1.7077420041091373
120,-58.79196805077387,-0.7850784339054316,-45.46188979195525,-7.5282248144474755
121,-64.30848696149978,-7.027274834865718,-38.851397403547864,-0.5301490113265444
122,-52.8396339646736,-4.045508452012528,-35.49637942360808,-1.6079382434613636
123,-0.4248085103193177,-4.159567701572566,2.190511595736246,-0.08645881067982604
124,-12.07447443721287,-42.08763033921956,27.12652487708161,8.285880179690606
125,-53.40971885440342,-4.954446700964758,-34.94160068876515,2.18641318031876
126,-7.565442138091648,-38.91158078884521,22.79009074621429,9.731987875190663
127,-33.04983554599278,-4.593472667291153,-24.515319077640473,-1.1343348309523988
128,-60.05388325768305,-2.281523933265993,-41.74933835712046,-5.908651817354275
129,-5.094393713450358,-18.41326227561075,13.03099007559846,4.7599860146515445
130,-7.385063422894404,-43.54737638210693,27.484534851243396,12.184715828783597
131,1.1427075539941385,-0.037629616389064986,0.6622557233078287,-0.4442312056945889
132,-6.217716796374247,-34.82704073961018,22.56907283418407,12.371935140577243
133,-6.86527755178603,-20.199930576239414,14.428854814698598,3.8349839861068005
134,-28.118457499321227,-0.7778718176031004,-23.812130499352715,-4.598969408385667
135,-1.7014155220746252,-4.655939010535071,3.123618852625589,0.2327014123273761
136,-1.7923919639745607,-9.725565341864415,6.59820951176713,2.0136945262425017
137,-1.4378690552472326,-22.997075466070957,7.172261468102833,-0.9140310968088238
138,-40.638226214226016,0.5516409399565171,-32.524972804854016,-3.7017672742532817
139,-29.312149388766215,-3.306502513840188,-19.099153566827077,1.7587129687143237
140,-29.08885004438552,-7.501349456861008,-20.76232088453541,2.7146298453085493
141,-30.13054722863031,-4.8251509147429354,-24.261813529799085,0.7573593174291523
142,-51.11087229169997,-8.212273823970943,-42.03540727344126,-5.201652634653164
143,-3.637472215469604,-13.85066468293904,8.415672159721753,1.8659244492523739
144,-4.518355392591085,-34.43400357937255,15.394616714646718,3.9876849765452618
145,-7.768995506739542,-35.32007923499186,24.07690925551484,10.604439031568456
146,-0.48508150197657485,-9.318509804958492,1.742722641955118,-1.7378462538249424
147,-46.112291994865664,-6.003522304449866,-33.35187773751189,-2.8680079663919535
148,-41.4570032985766,1.3753656667924037,-35.65905242012908,-8.162663527839097
149,-32.289082550183856,2.417643022781224,-28.471705643802583,-7.558797348054958
150,-58.421309812045024,-0.003364153459061183,-47.255777248213384,-9.766497680060777
151,-56.19127530175043,-5.712459790462642,-37.330435959964696,-1.422479181004279
152,-60.83257741051508,-4.513840583716223,-39.00035847074757,-2.1957962796218324
153,-40.299220108167255,-6.870424596224615,-31.88222651528289,-0.37434688062738664
154,-0.7078732665197736,0.3162554475124793,-0.48969399289598403,0.22093587765226289
155,-61.46377883670323,-3.958921857430924,-37.62145508177052,-1.8525109574325016
156,-7.309880637303913,-38.140663532172034,23.243451005747218,10.98116930597751
157,-57.84748524742914,-7.517284937455643,-43.5831011617876,-4.6881122474995385
158,-14.616712911105083,-7.171084689850002,-9.279529063373506,3.9692144905401143
159,-23.206730865613547,-4.098290931686152,-13.315902917056976,0.3113431647293638
160,-9.208119494891092,-44.34455337897379,30.127379687160552,13.907453945763196
161,-8.676154080208068,-32.013610589260246,22.72001500083039,8.369699410088149
162,-22.504433337028747,-1.8392153260652115,-17.263571628401376,-1.174289453538967
163,1.168272770269786,-1.8012641944034786,-1.0245612596171094,-2.2660164718952904
164,-51.59759650943272,-2.032168614620357,-42.599621344079274,-5.275808561357571
165,-5.737853033518717,-22.655186084662265,16.287702432801627,5.772544792778579
166,-10.401525043622579,-37.26635844285725,21.962368594140113,6.349927039431818
167,-5.2628078194220125,-43.969641752793784,28.731021832953193,13.851943663246717
168,-54.56879808820876,-5.844159988318274,-38.91013325102101,-3.4715710366891948
169,-5.962713383809651,-35.84439634060302,20.440532119602263,5.9651359831167134
170,-41.10534511325352,-2.929249830796708,-30.599351454247735,-3.801437088363084
171,-53.79885612246983,-11.269896097733962,-39.922079293399754,-0.14099466156235627
172,-3.380608541941569,-22.28954703386067,10.605644177923898,3.4814164752635235
173,-65.3794600399096,-2.9389552153690546,-42.32100857145558,-5.5017900750167295
174,-2.4554619125285995,-28.90705655788818,18.517552685271006,11.416076433149264
175,-54.49268025475336,-6.203711994245041,-31.76149293628305,1.1490858907374613
176,-2.1034008494773757,-31.85081043616373,14.466484657456776,5.313090097394871
177,-41.13519575513991,0.7789257489101201,-35.198047209252614,-7.126006949457241
178,-23.40108428714268,-1.9389945941710363,-10.608370193312266,2.5777370646469664
179,-51.07143849449945,-4.871802754952896,-37.66848680224985,-1.765052744262132
180,-4.890428473602658,-20.922145275030918,12.809225570688945,3.6860099747650694
181,-47.766073885734805,-3.29145835613647,-39.33008627938201,-6.709745038065029
182,-63.89127670047276,-0.9724520720585078,-41.89770178841521,-5.099646636359605
183,-5.599416229303603,-19.48044449861287,10.176347167820037,1.4566553845875332
184,-4.4951321377614395,-34.26771075303792,18.301158737669688,6.637009870496677
185,-62.113155388013446,-7.502100852881262,-46.22067821867237,-3.338903296503139
186,-3.851961186206267,-34.64021943783202,21.66223398003012,11.938356649366305
187,0.811127068424299,-14.901406514400628,10.256176503032744,5.494869164116469
188,-21.093475682711528,-7.4923128165348265,-10.519145536889335,5.14891629565486
189,-70.25621225752029,-0.09735241309244334,-49.41711859749724,-7.2727370545394345
190,-57.57986643232497,-9.230450538550206,-40.17488023486704,-0.1428538446751365
191,-45.52146150983962,-3.334559269502152,-33.64247056689829,-6.263137642058445
192,-5.869301779246256,-31.34163449978271,20.87501862797171,9.873896530754653
193,-9.924626731053914,-42.326965081447746,27.25836955659618,10.297280402468926
194,1.4497287539880224,-21.278423694525546,2.058633256982069,-5.75693384161861
195,-3.560500346795644,-26.769262699042148,13.922988366614085,3.42715709555873
196,-36.23993240115635,0.14875961566528778,-25.902555672794282,-2.6245390460021425
197,-0.5059093529243522,-0.04961185493011177,1.1279523387852317,0.869027331086285
198,-0.8535132042327774,-14.31061481213012,5.403500190904041,0.39204586693375026
199,-43.512117090996036,-5.91165517544189,-35.25446817126841,-4.004983493201646
200,-3.5097890329121806,-25.73551057552734,13.286047648916941,4.172168504682468
201,-51.48548700727614,-4.562604494645584,-41.424006987084645,-4.77195023349197
202,-11.359684887703187,-44.06999181484619,28.726409228176177,10.616094680117852
203,-23.166764600253032,-4.911981510872035,-14.164571174452403,1.542642445849664
204,-6.362162732259358,-42.457261788601066,25.617533794572253,11.555622340726144
205,-6.6545472772676995,-28.882486410691726,17.908338061501883,8.02625140695501
206,0.18196318728196592,-1.2379887205902627,-0.20007533676395753,-1.6675755863514672
207,-4.3187209399302064,-22.140880652024734,9.376246801545522,0.35762227722732937
208,-2.657812042212412,-22.672186600917964,10.822903187603059,4.605291288581776
209,-5.619942914124255,-30.289269514634597,19.033810328970652,7.300896566596912
210,-20.12682885247064,-3.0616143621547907,-17.72992170698414,-2.2882935091979433
211,-51.34041407026442,-0.12439686830281117,-37.76965607054005,-3.848192402236375
212,-57.45147262332432,-10.444945243750402,-41.593945074548024,-2.180330980333401
213,-7.969253900821929,-42.4592594184025,23.51306838942597,9.10117126652329
214,-9.28089279251886,-2.9587579049213617,-4.858022261132498,3.103762210892923
215,-57.4052823614835,-9.705059436713048,-47.90851645516326,-3.68838777990412
216,-48.884666465894306,-2.2863577880008905,-36.129059680769544,-2.892750688903245
217,-49.53179361738356,-3.186805951351314,-34.18333996183644,-2.2541472400354476
218,0.6763115891059982,-0.28229667271612985,0.27344246112336773,-0.485433224352909
219,-3.88274437504602,-13.989221004401037,9.03809226704667,2.374779464291818
220,-4.957335555976555,-45.23956083034912,28.519276491334338,14.678091934807385
221,-8.382131857848092,-45.25507901882568,27.076164992183745,11.562880438056872
222,-7.322695218698109,-50.5297849056665,31.95460759752025,14.793252241102145
223,-9.35378184236678,-48.62120348985433,31.53164954138825,13.478558144457425
224,1.923467374666606,-19.598588057115066,3.09624728215764,-3.445638814084443
225,-24.957294169243102,-0.172168716420123,-21.49508258548349,-3.8871438786513735
226,-49.220521949903095,-3.3677824216627967,-33.76307476408253,-6.436698221676263
227,-20.31612319069696,-2.5317772505227616,-16.579867252180673,0.28847492882339865
228,-5.496146960234568,-32.15952943539062,18.55088508777847,7.6996791476878395
229,-49.55109407819899,1.2304202042476444,-43.36696804411182,-9.679289170615586
230,-31.903094314710227,-2.3559172031823685,-29.882596223026216,-4.989820384495172
231,-7.579735540525044,-33.84215266282796,20.383779517342948,6.79203598845729
232,-67.80946034508538,-7.103619642808426,-43.65605025338103,-3.9426051661498476
233,-53.02476503767165,-2.6139568366153925,-41.18430539813608,-4.705719539039048
234,-7.0041961900154,-31.645529496425777,21.39566961082846,10.216454119967706
235,-8.951866013979837,-3.774043806149949,-8.42624843961964,1.3122596954179675
236,-3.032350602920776,-20.791721411302078,13.567238163481456,6.948402336723891
237,-29.313487234886413,-9.65325060263712,-24.401130724419854,0.3905923083298277
238,-69.74978449262771,-1.4855781274580846,-41.12463431404998,-1.7952928876009713
239,-49.32727307396723,-4.77546730414469,-35.09030617124806,-4.362909424814297
240,1.2835855528167917,-0.43565733011006214,0.22834327472985042,-1.0707255636780812
241,-0.3860265495418258,0.3089238427535802,0.8588449076119072,-0.6712177728739509
242,-5.78068036156488,-47.7771050808374,29.031261236995757,14.367542666929252
243,-58.58286224124424,-5.411857990179846,-39.452140061527196,-2.6804975206779567
244,-3.7143828850745417,-25.64660079057454,16.00981949918499,7.750922523674654
245,-3.5688205392916257,-20.082674411688632,12.14174762520224,6.196462235338775
246,-11.11509730734023,-41.58246841803629,25.20006242546469,8.080292156822768
247,-1.2551883589982245,-14.439337161932775,5.498798699707091,0.027081977811740942
248,0.573365575163545,-2.4525337693635456,-0.3458047843266467,1.7696353708624235
249,-29.58345192986322,-5.057802525912115,-26.50527879443735,-2.635527956995083
250,-6.318662447905466,-42.48530807868082,25.112722587118842,10.769486191607799
251,-57.70314600385817,-3.7412510591292274,-42.65929783231984,-7.132682272307786
252,-61.61084686038487,-12.69918865735768,-38.819931873152356,2.2719007049871354
253,-46.634879453158305,-3.2904060957376053,-29.55046356565724,0.5376133635513853
254,-65.49668823001377,-11.222245800251153,-40.13289663043589,1.8485225553187599
255,-39.040678047315204,-5.796286113812912,-21.282569615512788,4.793553434548067
256,-45.02382280744704,-2.736151802295833,-27.222134479353528,-0.44062180172673154
257,-0.2883337370315446,-4.833743401124466,2.003218821217915,-2.0052114710338045
258,-60.858101549919375,-8.45795419589121,-37.63409444537729,1.594007503477024
259,-46.499041898226665,-0.03134255384841462,-39.95603677478403,-9.350486108176622
260,-4.528950316882059,-17.982157138739414,12.580842402110797,5.093408198642023
261,-2.2293772008775923,-21.58053182339111,13.341352494091096,4.8374908779931935
262,-1.9846762922167036,-13.410210199906814,8.512289356718759,4.363081903743036
263,-38.19127053337885,-8.096921536082416,-23.16722842898935,3.7637824728958678
264,-0.39792106367739577,-18.167041527980953,9.274220418463448,2.7555352066827687
265,-1.1173841587463273,-19.144845235103755,5.809854538768828,-2.0732317552096773
266,-7.544593503749296,-43.34100952521403,27.10171345028311,13.248441777117337
267,-54.325082801953876,-3.6477116622074335,-42.454241959720555,-7.262227523836208
268,-39.76968703982823,-3.1876486418191483,-25.490563281843762,-0.29967382402490866
269,-4.898141744907623,-31.513577210659175,16.354681602647208,7.80260556090602
270,-27.576067629631286,3.083393764739842,-21.530043809085786,-3.815103956572923
271,-9.06001963533553,-44.77101936713297,27.466081968476672,11.485251189755685
272,-6.029234419316972,-34.530777998521316,22.911436350673736,9.764704238859105
273,-57.9670753709236,-3.443074452633052,-40.015975205570165,-2.3896938448277245
274,-30.824141843295024,-4.08518195922612,-19.596272357771493,2.816968730576125
275,-1.9502844159065935,-11.967550662909337,5.8422266955478,-0.12409595500698974
276,-29.763901415642028,-4.587982125833023,-23.66676224119435,-0.49987454067936826
277,-10.785806996798442,-36.946946847194816,23.66940636588166,7.806971948829578
278,-60.55232050336989,-5.774891841167598,-42.01807932900359,-2.069763609282884
279,-42.465223971184024,-1.1645401991947384,-34.38155767169565,-7.2444548492756615
280,-51.54900553144606,-2.4945556598448646,-33.604019372135106,-4.54592644027145
281,-6.306165867225254,-42.914229460313315,26.898746561537482,14.662753990776624
282,-51.90536501325759,-4.34640338793833,-30.613734134504895,0.2681641692790261
283,-52.90063923912836,-5.535043306901444,-35.03208785103728,-2.5091097240772973
284,-6.213577675994163,-45.05122477586507,29.299659839799304,13.118628910667981
285,-3.798489275800712,0.7417378404444565,-3.218052475124299,-0.4710602695869534
286,-41.6049951147794,1.3431473694698124,-32.88597731636931,-6.749799160671942
287,-9.237660152888223,-34.92169545864501,19.673778207630217,5.872159730878757
288,-57.06295079308344,-8.088159787410884,-41.808863211144704,-2.4392025753981996
289,-49.612330777621196,-5.797391164058833,-36.76953876859913,-3.5468996251749125
290,-48.45811019656651,-1.3508578814609737,-36.467361339399915,-5.183990268421881
291,-44.441834154899844,-6.8022445119961,-29.93601406461964,1.635414328661846
292,-7.152328434761291,-30.933027016872554,19.94541155450573,5.968827656395522
293,-2.487467689490244,-21.487484999253738,14.77473810467154,7.147447319316156
294,-71.4272607397794,-6.1333579100712035,-47.42879347847869,-3.8861681506164003
295,-8.167112989401742,-49.00612806057373,31.788316916952827,15.441595168399102
296,-57.59529815433018,-3.904157387966304,-40.08006116595835,-6.224280306212815
297,-5.1628006926933185,-35.25001373663981,16.468083174556792,5.794215134270278
298,-5.897992219205623,-43.06652934129476,27.34262715928783,12.210417510556466
299,-5.339364894405926,-32.20397224799235,21.056528361171782,9.689159871625192
300,-0.6295090051252895,-10.4757126845463,4.807373555034697,1.0792808547489714
301,-64.16255635338617,-1.3902065632287552,-40.61319658008188,-2.8591817900664735
302,-34.18363064843012,-15.47975153501271,-29.77268684751759,2.367270679759271
303,-6.123124562875355,-28.047451722377925,19.46992543491751,7.935285738594619
304,-56.467726412590274,-1.7907720285200963,-46.337623485396,-8.844055760416103
305,-1.3592317831277105,-10.578625269486894,6.192365578343769,1.863085867451913
306,-10.147923889930968,-2.6682773110810807,-10.566695102522472,-0.7176109835631777
307,-1.5646884373584642,-25.869886465623367,7.953686348130604,0.06097603985397727
308,-3.939197906033124,-22.0860110002303,14.386614393721324,6.368084362633315
309,-65.07220524864984,-0.7419771231754512,-48.49402035124073,-9.020943431568854
310,-40.05090779381586,-0.7211720821801713,-25.362557618289888,-0.3284232899672915
311,-62.823406242505634,-2.6743360238814247,-44.45206186023324,-6.621426610661261
312,1.0325050918500371,-10.487482217703649,6.778796281944017,3.479698351509658
313,-8.16884754416935,-39.78403129950602,25.312017313172717,10.866729032483981
314,-71.93041676598382,-6.303799696519364,-52.31166319893767,-6.7573014383641015
315,-34.31507557946039,-5.18742277995188,-21.92306761788299,0.026365331299391493
316,0.1889270388326201,-0.011816099538792169,0.5699143002731607,0.2179133992205432
317,-39.13091979739659,-1.5443242269301305,-27.337993511030774,-1.4234419946995507
318,-8.889111899510945,-39.31263135647216,24.07391606919994,7.478685946749933
319,-36.56109017449213,-8.970323470984289,-33.309155035485524,-3.145186571789496
320,-4.48678621965242,-25.647608506435542,12.515844177733165,3.3590457553538555
321,-4.689745598212804,-27.893882500881343,17.341851663122874,6.173083863146392
322,2.691501435462708,-6.1095368740502884,-1.7565702482756966,-5.451838124307705
323,-9.188381138618713,-34.331514743719886,23.625094047715564,8.740525177605239
324,-37.32527353681716,-0.15860786810953317,-24.040617196231782,-0.2635789995518455
325,-28.886774721916442,-1.7130613006695004,-18.451709954410493,0.00193727164197674
326,0.26227665625420676,-1.0723612186852982,0.2462141442103193,-0.40679600687097794
327,-53.30131088016026,-5.970472482596228,-32.39059755054087,0.9622264370195937
328,-59.91098533389561,-4.148372240617264,-44.93638599760303,-7.34049529682866
329,0.9473693291127727,-0.5900447967195401,-0.8843588565485669,-1.5791258871681622
330,-3.491848382528549,-18.789735543483882,11.563143682013255,1.7061931803696224
331,-10.71236088194045,-29.955032733832187,18.372368645201426,3.4841175988190245
332,-16.90456901309483,-1.0734681117081533,-12.614168851047454,-2.0276834900306793
333,-7.800279282704914,-37.25836792365153,21.720588874350288,7.7448620016249885
334,-4.783364815688059,-34.08137487148681,11.318296543290517,-3.096829293680899
335,-1.3161800596575923,0.6165656767741948,1.7687145288092918,-0.1097301080949236
336,-5.239109002725209,-30.74508769090413,18.41355644815197,9.148490350929189
337,-45.17115277367426,-4.034394510343064,-25.441445239851575,-1.0046972716974347
338,-40.86125248986078,-7.579689450814713,-29.184235144128106,0.9270679667465758
339,0.45179445726088224,-0.07907519763150712,0.20653917792469323,-0.2285837143785883
340,-8.589123828387185,-34.29392344529866,21.053955824703277,6.91652178912092
341,-9.093717280205016,-44.64707603827555,29.251178693304755,12.463927667823718
342,-1.9492374143758668,-2.9943090555612137,1.371550869475107,-2.221725919358644
343,-25.566357317741637,0.163003871585539,-22.782016484409272,-4.320285070451809
344,-37.52377035535964,-3.8612684287174432,-23.33776717232635,-2.717133152994228
345,-37.056584381238544,-4.6618238963230345,-25.119879929691255,2.6261256103588013
346,-43.44267465986403,-4.158326812341202,-27.70302189237843,-0.6729021753000347
347,-4.028234147206868,-12.979558376227208,7.182707743376792,0.2620172614726296
348,-52.199511233146914,-4.062943704679001,-31.338298686812024,0.017980547236688044
349,-30.403888725415793,-6.685335465028275,-27.67552682605356,-2.635175296180162
350,-47.205656710441836,0.30067186777354377,-31.276464669376313,-5.42908068350227
351,-16.04985318896763,-5.657372502241919,-15.421581475406585,0.0957582905762266
352,-55.35264589704665,-4.626559006923824,-38.28527471271128,0.6459683293971291
353,1.1660932717959829,-7.983886070802201,-1.0813889438606294,-6.504181214682969
354,-3.723164449806934,-24.317576793585605,11.55189572923412,3.2783592656128477
355,-5.264325145061737,-41.43312302008707,26.841922393968005,12.340013594912774
356,-42.68838694013747,-4.5895748836342385,-33.1311460022824,-2.4728006805109115
357,-46.91864651757074,-9.337370820596208,-30.77471722013722,1.8491414899501075
358,-6.036337935105885,-39.77525240953206,24.367291322877307,10.69780787973333
359,-1.2607293452331676,-20.354065008714187,5.611459286541045,-0.8301844482746848
360,-6.648043615794108,-19.71182607387939,13.634013366232615,3.8779758726430806
361,-67.96486348229242,-6.298510459814856,-44.25985515959034,-4.919555056604458
362,-18.166030906812278,-3.0405892012063553,-16.419519790480233,-2.4513444389032455
363,-56.96903739688389,-8.207886604224035,-46.29373730070362,-3.831962891929063
364,-51.08991561648838,-4.029832748328039,-30.283614047834973,-0.9562919423110414
365,-40.08847556827061,-1.2808712996586056,-33.59453317370981,-3.4397900785135356
366,-3.7017193865536906,-15.948316482458898,9.89053467068106,4.104328236467925
367,-53.30499206302159,-11.489196169132379,-38.8414149765866,1.2966072276108336
368,-4.1398638915776464,-21.999367463344722,14.115110627343556,6.029472908861724
369,-5.456734548683887,-29.64414031083821,17.37994032256832,6.1050458863251285
370,1.2324027288199213,-2.665052481248368,-2.13208157665501,-3.591749179872585
371,-61.46715865848057,-5.170354277148236,-42.136476405928235,-4.682817209276272
372,-2.1348691912252957,-22.485733417425937,12.122857721180024,5.542242846376983
373,-0.43967476305954195,-9.90804917390584,2.643180063893696,0.06023245204218935
374,-15.694349470909364,-2.435293374214956,-13.245479949781993,0.6511702254288267
375,-1.6607380093891673,-25.13161252712646,7.34715719176362,0.1533523912104836
376,-6.5162876577932884,-34.84296455756266,21.487716865072944,9.686985414710927
377,-49.97435127017491,0.5141041400488328,-27.278558620283704,-1.1080173487590879
378,-4.696124149537012,-40.91344108954508,25.075857829581,13.217012019442803
379,-20.77437291858189,-3.2039495187544715,-17.778420496453542,0.4439225708318622
380,-25.00955933647943,-0.18598197922546567,-22.806807089318536,-4.252573280049078
381,-42.18532246666742,-7.761459338421016,-29.83426019397348,-0.5745472396539776
382,-3.685452012395785,-38.68300921495198,23.77921397639344,12.930299372958428
383,-3.06488667247288,-13.394387948269037,8.182779820293486,2.5049952780080704
384,-7.791760467664326,-42.890751905992026,23.77355892611573,9.195085298505711
385,-54.9155305456876,-6.042524921650081,-36.92252306984832,-2.9465469007817036
386,-2.18110747454159,-10.840081123267003,4.326664399634104,-0.9914530389137197
387,-21.12365041491978,-6.693923898293961,-10.203437138070365,4.499586663134185
388,-68.99961473859939,-8.933544703080644,-46.296535381147955,-2.010574925455166
389,-6.583067638850138,-27.820360251023757,19.078111044099234,7.578730584668405
390,-4.132023119107808,-18.509684788936763,12.254450029661557,5.233552139488148
391,-5.555549922760253,-26.362792400275058,14.654208691448273,3.0352609271678204
392,-65.97101150271885,-6.186933306608984,-44.061977275679205,-3.1950813815123964
393,-46.928040209587344,-5.473142611736446,-41.82413026538462,-5.464496879292242
394,-54.37505915083083,-3.6803212838911903,-41.81903382983774,-5.955734797828111
395,-62.212237699007915,-3.8326742527429154,-42.965704489220876,-4.378822076829983
396,-37.15825718956781,-7.729653902604569,-34.53928618477752,-4.019877342892401
397,-5.352771717484718,-43.342688627793784,21.77403103463878,9.338538737582452
398,-2.470394078071838,-31.766628650580234,20.793330859671336,10.222475063291478
399,-55.6898651353279,-3.625486282263586,-40.16469149636199,-4.128797678662054
400,-54.730267229851016,-8.341359523688146,-44.16984674182504,-4.958165510011427
401,-41.16304081993891,-0.5990038591170201,-31.285367219119966,-2.212258168570909
402,-55.628369672274516,-7.468521185472,-42.960346746911306,-2.0936085666345687
403,-48.51009180463942,-2.2471055862847855,-38.42920260476043,-6.265161701552781
404,-1.9338216763495657,-20.69999796922444,13.550852369795543,7.53377494363714
405,-9.007676942324563,-43.70349032457113,28.887300125291247,13.54068479089666
406,-5.229885303155507,-28.466843354458003,18.334966551790934,9.163406780846206
407,0.938801027162944,-12.316557951524246,7.09575072082907,2.3279333626104264
408,1.151768730902754,-1.7074443774962316,0.6785693382524457,-0.6299620355295269
409,-5.307433568612661,-31.172907578701167,19.903851023843192,10.431637139605767
410,-55.230861051058696,-2.049327920133262,-41.30299175627003,-4.603778907172593
411,-45.41919583397699,-5.926143415524948,-28.816424894799493,1.6762325877818336
412,-34.92081008670323,-1.651630548392126,-24.687005568017266,-4.00968304640945
413,-3.0540246796368815,-19.818160442267246,12.036961427857777,6.701970817136057
414,-2.9044839075961963,-12.100109326595453,9.73603347095877,4.883931032307235
415,-42.87973787702712,-4.62089696303446,-24.229818074375093,0.48298324295608913
416,-29.62737626152826,-7.598644661659389,-16.22295138087839,6.450448762861179
417,-67.38721913414788,-7.172508307054032,-48.94914679573943,-5.4783333425846825
418,0.04384462468485262,-0.06331418231565654,0.4610580382548775,-0.35201888632050443
419,-62.18513046023838,-6.35756737764119,-42.117534526655774,-4.503689237944993
420,-3.1260374282061316,-22.19453214382568,15.772172720760407,6.207254619883783
421,-48.53703628299229,-10.163149444018194,-34.306018718550305,-1.0834035361932843
422,-6.787347300028727,0.9765684527611841,-6.480133025318086,-0.7413942848768958
423,-1.2566087206041248,-0.8245306241059195,-0.47493803845812815,0.8236176634701958
424,-62.11492222863031,-2.8241231319848588,-44.99006705330779,-3.0121688331293193
425,-6.977763854638661,-33.01977259690999,22.37004783901602,9.862979582436171
426,-6.2013094059387095,-36.68886541103759,23.000577123493255,11.614445459333346
427,-8.774596018767282,-45.73122126634359,30.268244615723987,14.045895985252942
428,-31.110022567884055,-2.6753080564284217,-26.200152286360364,-5.126812565836025
429,-4.261743916249201,-22.641873426988113,13.449176978598338,4.599267245816477
430,-3.0293252698341266,-32.47105795915364,16.435908289283812,4.652967384941665
431,-51.13927271284255,-13.318670499080804,-40.399269628991384,-0.5492114558942247
432,-46.40233042158278,-6.317470319821823,-21.255645959049165,7.219371648120172
433,-64.88986653405023,-3.4851287879093378,-40.97972095854054,-0.684280662251227
434,-36.6025209657112,-1.5488253710214188,-19.075728782484628,2.6371942823005585
435,-31.638759000277446,-2.413117714478959,-20.563378859032888,-1.1292322759953268
436,-4.654604433154986,-31.501857189093418,20.512935828695994,9.984398853269505
437,-8.565311792667632,-42.93877195095459,25.135112555355132,10.28866378614037
438,-3.599049432253764,-26.432078746710605,13.864739608298045,4.1071234658234195
439,-6.708423513348823,-42.827516305202636,22.670670381715198,9.051350048668471
440,-33.47816437798334,-5.996330765639136,-27.774007050662934,-1.6007046188043683
441,-29.0689261984586,-7.491069702063391,-29.606068659295342,-2.8444241965936747
442,-4.740343375182078,-19.94027303432861,11.93398504607906,4.424472095059641
443,-42.75873822289301,-2.7171277282182267,-28.4561028962033,-1.4342227265365055
444,-6.82971938766631,-39.47047017788329,24.470257830153205,12.071281206098483
445,-7.465830587522114,-45.19245694851318,27.73455448103974,13.17079663424421
446,-34.542148931002544,-0.8665896532479813,-25.163993406762383,-1.8828984782226017
447,-52.53048326887282,-5.94688169931808,-28.85919496265024,1.4343036527308692
448,-62.9296907019376,-4.330997216457515,-44.31850167956918,-5.766699660333706
449,-26.241236391838317,1.5519098761137435,-22.308027474552095,-5.553515502326402
450,-52.22651801822178,-6.907579353952794,-27.920200237104993,3.063921184825189
451,-47.380943321363056,-6.634912900879372,-28.5225460216102,2.7399224951737
452,-0.29185009814890694,-4.788227148606766,1.4457007711433378,-0.46701152971656407
453,-37.43620429751866,-5.570670036230871,-31.908196656375825,-3.442168939622951
454,-22.110168639000182,-1.067090221002091,-9.972000647057792,4.496739547935413
455,-7.08703657803528,-37.19566765204508,20.371564816961985,8.46326074151922
456,-49.8984095485766,-4.646097330008337,-32.97615580605437,-2.5948586002118517
457,-4.081381979759738,-0.08568593636591136,-4.208674876361787,-0.7610966821637878
458,-10.963559412137593,-46.39599965786377,30.9685264741682,12.648930322614596
459,-49.257380190666446,-3.5993819115106156,-30.833776681095063,-0.7600230659174053
460,-31.97259364840977,0.49102659746568506,-25.75547207243214,-5.38894644231867
461,-5.891146504060353,-33.802397795274246,22.279608360459704,10.686342489210055
462,-4.663214577412531,-38.83373616909423,23.32397185914745,9.73469821759789
463,-40.37957416293614,-1.0392619647129269,-31.99428928739796,-2.8107777322458354
464,-47.22929511783116,-4.067824907853592,-39.123309342533055,-5.8365275298681984
465,-42.85542236087315,-7.509499800954649,-22.688963938226006,5.074209622032729
466,-38.74123480238112,-3.4038224893355262,-32.446734635501805,-4.581156838449551
467,-20.716716471489196,-0.1298841116372635,-17.316896486748952,-3.1819355175025392
468,-55.2159881822029,-0.9230630276147416,-30.73614522662729,-0.09395149202417623
469,-8.23721405930909,-39.188309736802566,21.37910214218527,6.4027214959137515
470,-2.1125620287417624,-14.245956170314935,7.757136098077198,2.11677206703751
471,-54.65808807132237,-8.970485615486293,-38.51822269804249,-0.33837504040471006
472,-4.188694529906835,-31.300226914638667,16.200607728491526,8.808821759111968
473,-73.67547673302484,-6.424940335506587,-49.27451949166228,-4.709178595257513
474,-7.944994422968154,-37.27320709601481,22.078590225706794,8.77839652844994
475,-61.89494135297927,-6.463328587764888,-42.570545085737805,-2.8876742854840685
476,-7.20607273099415,-45.12113355373779,29.90501049312979,15.01771427342026
477,-31.781150523002868,-6.132057694350073,-24.805546331872247,-1.5877931798624128
478,-10.440808160281106,-29.058043229335933,18.888789685100615,5.083228678988703
479,-34.48954997775547,-0.9820401546899369,-27.754083522627454,-4.311428614966783
480,-51.31833205935948,-4.773506708695877,-37.14306025551726,-2.5945745592442284
481,-41.19511638400547,-2.5579899850034606,-34.65868175871144,-5.665410621476881
482,-7.439677976743305,-33.195450532192375,20.97478734605541,8.974483253049142
483,-4.228122297104126,-8.331268298381953,5.802807263066669,-0.1953667387492586
484,-5.466015659944142,-32.74734917059977,21.116132767528594,10.356175742037383
485,-62.17477737185948,-6.10594327028035,-46.668220409224126,-4.592884250991258
486,-71.36838660953038,-7.451055276149898,-49.602996079593595,-3.648318721366637
487,-62.41103492496006,-3.6102657991194618,-43.11666731881072,-3.313917188359015
488,-61.74732464867426,-8.685149935637304,-37.295995601484876,3.418621750163324
489,-39.56266341922276,-1.4901236571415157,-29.03633774168263,-2.186890113863064
490,-29.324318908826438,-4.592148848130692,-24.41091574079762,-2.8154372657465068
491,-6.564212007498667,-42.61681913113036,22.312721402973235,8.579434962558038
492,-42.2490380835294,-1.058382657919714,-23.451580572594903,-0.26054893783004374
493,-6.398973567461893,-32.97622337714274,22.560762834082343,8.60670909433294
494,-57.34578134931716,0.9418734831071008,-44.87339708057016,-9.423724560452216
495,-5.24953375575535,-38.07666181301513,19.224803836673797,6.097709746646173
496,0.31086408279744254,-6.1838928736789915,4.122181049516102,1.5343638573957354
497,-2.939420345600372,-18.91571464911539,10.622607182989816,5.877331337816802
498,-30.608432792798606,-3.22523521160522,-23.18531184243133,-0.965521289420836
499,-60.98459055341872,-8.580273258442073,-40.78171973275115,0.15747790683039734
500,-37.13356465416742,-4.170260854318131,-30.34857770648569,-3.809066641840053
501,-55.397567136263774,-3.7094474511885536,-36.75833150592417,-1.4961396341648827
502,-47.926414512769306,-9.075716821108648,-31.397534895409844,1.8887892280889422
503,-4.093269887741661,1.1703557146048655,-3.596552698284089,-0.624589739752524
504,-4.7009000089525435,-28.535213219875484,16.642443350484275,6.772633951393055
505,-6.324510458286529,-42.997691221787925,27.190387995571196,11.367505482323255
506,-49.355587028638446,-4.837426093970129,-37.917662191857595,-4.365074662876837
507,-61.42939569868239,-3.216385431840409,-36.355812915632825,-0.6913130169239768
508,-72.73149429080479,-3.501523085191239,-44.03045706795623,-2.0440988029169174
509,-40.1139955750862,-6.575896012539058,-28.501811234622895,-0.4162539129582175
510,-6.294623239016459,-33.89889564887125,21.983639663984675,11.44496052611598
511,-45.36885136681391,-5.7196867344323685,-31.048626471032403,-1.1687809909509748
512,-24.646690709566997,-3.009453105682521,-15.7941893423296,2.394033801046299
513,-79.25654795087966,-1.0528274255537877,-57.89327419645557,-11.437321532281949
514,-2.2420788836243686,0.6089243200253557,-1.7191728990223998,0.08082280828285923
515,-50.99144937910231,-3.790367193772782,-36.72325854348113,-5.284116614374233
516,-19.22644394951654,1.205863785987706,-13.369040855238536,-1.092707483483069
517,-8.7344021630048,-37.36389198676188,23.607814502249457,8.872787238644845
518,-33.901771250541934,-2.104429967954148,-20.33777448382944,0.18273839502263775
519,-65.27996828474197,-9.820628571266322,-42.18971114205291,-0.4413041557001202
520,-59.04049303449782,-3.374459333970536,-39.3923453176714,-2.7778816109028583
521,-0.5708683586874856,-11.755355107540277,6.036150168905954,3.614678543296742
522,-4.429542763209269,-25.861987817043453,13.375925413300893,4.264048667239435
523,-45.099885327792094,-2.863565830145666,-34.60189458575815,-4.164389996243231
524,-9.935581111089315,-42.47901001349528,27.14463388078441,9.647764286882964
525,-8.48913675862146,-42.701909132554526,27.441901238292754,12.883754503217624
526,1.5611306993547112,-1.096433510635683,-0.606888804306288,-2.727736620617621
527,-39.37423295098139,-3.931209417933612,-23.093487151930432,2.2752915734919776
528,-46.667170229728946,-5.793603666379441,-32.914918788740735,-1.2233589773503073
529,-12.112601700599916,-46.16173591986735,30.432839822302558,11.814620744672702
530,-19.739730699038432,-7.122286565854538,-14.519424566099742,2.7958085998766493
531,-2.8802524687607343,-19.124195484076328,12.67196261041393,5.3291978850834445
532,-46.36621858991774,-5.954666860654343,-26.64435598102182,1.6325364624334247
533,-19.67280739861322,1.0752766254003951,-20.244957018365163,-4.843162107976986
534,-27.97607503650181,-5.228836762661128,-27.789340544213555,-3.762597430261684
535,-21.78298412082188,-11.843241619819787,-19.044463046858407,3.2882404441508526
536,-0.2632025263467683,-12.289480276658523,2.8885281796557707,-2.989797342332912
537,-0.7834616136311755,-2.5516601480587213,2.1777506187859186,0.753824051705288
538,-6.942259324765131,-44.712386198594565,28.27896749131908,12.196138939745511
539,-7.684182190076435,-33.878931430731605,19.9830100402537,7.6253364100926
540,-6.29688102322412,-29.89477196112711,18.428940248022776,8.84299748290309
541,-30.562003158704368,-3.846810924762874,-24.321326145002942,-4.402725998076511
542,-51.09943646508051,-3.5660237349613397,-35.638399649132985,-1.475233071558389
543,-1.0295273233710978,-4.384067761654048,1.3927591160240775,-1.7078389908002942
544,-43.96277239240798,-6.171963937833298,-28.168037303755384,0.3902956311775119
545,-52.22230214196039,-0.7519740936700394,-36.036986240217786,-5.119892506314032
546,-2.319941732462173,-30.01274433508951,18.530500204891265,9.13323188099989
547,-9.135670923368062,-37.90031217312255,23.98068085464865,9.821045330650893
548,-3.0460692427316562,-36.58220456814208,22.95337131771475,11.486994267987496
549,-22.34022126910679,-7.654825456693161,-17.55261735962798,1.1688357656074435
550,-20.194281918978618,-1.3694653588080297,-14.84778075264861,-0.9190814380970725
551,-10.151746455009704,-45.014037835354,28.406990638902087,10.926350993650443
552,-31.292905194735454,1.6967500172511845,-27.665044037967622,-7.639979271603338
553,-0.9252445083617422,-21.60056057349283,6.708891899913848,1.36852348991959
554,-49.062317553337344,-8.551758221292882,-29.13293541319142,4.534989249196934
555,-66.05305610415928,-4.304523853216955,-45.958591350386236,-6.035048746578607
556,-0.16173166103743433,1.2158407889262943,-0.012638880282341822,0.06263267644970329
557,-45.66397351342035,-1.293353624894608,-35.71598200844695,-7.086338826529893
558,-14.45674056130243,-0.22205135003168286,-13.213289467960296,-2.6610824947682152
559,-54.0995076727628,-5.956426846737056,-40.9801195944048,-5.664991883946173
560,-7.5840099088111765,-11.91039719954569,7.494166723420521,-0.9875372236099967
561,-27.451911949292747,-3.162843811268001,-23.771143166690766,-3.0792604570713764
562,-59.886121137118266,2.7473325056290734,-40.50299760547251,-5.208396145217332
563,-59.58984250145746,-0.30408961351155145,-46.848497279951665,-10.267061381054633
564,-3.023044410522705,-20.277291365220535,12.790435777634682,7.0128059501322975
565,-53.71220527408116,-4.873820650333553,-33.95848644621144,0.6311804915341607
566,-66.8344160945971,-2.1891662952844193,-44.83194085803598,-4.110070654265794
567,-3.181591399685468,-17.94437224443196,11.823458305528066,5.1075643415126075
568,-7.084722489790047,-42.05055402492919,26.65565263383617,11.695174149162854
569,-14.384634676750428,-4.845160576457172,-11.84736685799529,2.408119476325598
570,-2.9742029415328557,-10.135239668443193,6.5125222519341115,0.7843040342005959
571,-11.262711945350892,-44.22254346584717,29.912981303066314,11.241426558779962
572,-1.1980455648659918,-22.192648001267898,7.699147176275949,-0.8755227908618379
573,-7.394044064656819,-35.014822391424964,24.244947703212798,9.663611820824233
574,-4.335837377285883,-29.18131898617187,18.720680069456797,9.827722401904351
575,-68.78003440616123,-6.015689283862103,-50.57339911507537,-6.491179136944525
576,-3.0280796320993955,-14.471935816361892,8.443729034593007,1.3315088763706755
577,-5.400670511698649,-29.727311519537754,17.071590931743682,8.864811511325128
578,-37.75607270317865,0.5714583121196538,-27.10027302152882,-5.286080269528143
579,-9.185657246088907,-40.936112471177566,27.14959155671825,10.933884383725411
580,-0.4342121861139192,-20.38017597571451,4.481219064722757,-1.8916461750991276
581,-6.10122685946616,-40.90752640143473,23.394694041739204,7.942166896151789
582,-59.944398903028095,-3.6698087729557245,-44.13712426868051,-2.504887132359259
583,-1.825799428598012,-25.788397538417964,15.03726004216105,8.486745289452163
584,-5.566827389772659,-39.04348094041585,23.80492849303315,10.250812303510594
585,-0.3675237875937674,-3.7920876619760087,1.8842988724810885,0.014470439639972752
586,-48.86717226423415,-4.8502685306016495,-27.5424434825477,1.4540672813726336
587,-7.71449433085911,-1.3485625264588883,-5.928361702431936,1.307439000891931
588,-5.5485267273345835,-33.38882484809,22.53224177313874,9.87425829121201
589,-0.31288450775139126,0.07371125841698149,0.6449282047950234,0.42899694441486114
590,-57.50664840457432,-4.577545869106441,-41.26002237048716,-3.408767370892279
591,-0.2559960618724903,-1.7411950071696332,-0.18933799710839938,1.1812753294778735
592,-4.220409813698059,-16.295896279567867,9.572399846246144,3.108877819267201
593,-52.45698994713617,-6.486082641039679,-32.29774877276987,-0.42141726465296037
594,-34.246942861056255,-5.0089377440555785,-27.489239264001153,-2.9535907790191103
595,-6.693473242894734,-30.27125810360351,18.62966504845053,6.381478082624363
596,-54.290257159050235,-12.504165438566991,-39.54551431384653,2.0463088864955177
597,-56.41273182946039,-2.5250408527795365,-38.58070012775034,-4.608131039651943
598,-23.57819797910842,-4.523578894887755,-12.739706961780486,2.8158428385727476
599,-5.771448218003834,-32.72301903143961,20.931702963044547,10.405838580416924
600,-4.283324570135202,-27.630761849636226,13.918671877712312,5.272215934085138
601,-55.17133651492588,-4.187909034643957,-42.563325135379735,-5.0306309347477685
602,-56.48525431074294,-1.126665540292252,-35.62755986896128,-4.406261075052334
603,-22.001971744672385,-0.7914455411378434,-22.483578253258965,-6.451137133948716
604,0.49893849772619664,-11.376147655402013,4.4579942291282615,0.9124398742986591
605,-4.231650276160166,-34.20704244350829,20.333569001684886,13.082594326622571
606,1.786924855732992,-7.101659762615352,4.0756838038864736,1.72308798778781
607,-8.030022147472625,-43.80703583136637,29.413667869101264,14.241562616315768
608,-70.82922174848709,-3.572564510260412,-42.84436532703012,-1.5149432306614647
609,-1.4817016944795105,-6.439397561306148,3.266614428689381,-0.5000981847571461
610,-32.001608235812114,-1.4358714498623104,-20.92074160622527,-1.9561609660712014
611,-3.0910451841115214,-20.94754829779703,11.19221046718985,5.5132288152846565
612,-0.9936449461269689,0.34995042259058456,1.4880372251374532,-0.3794630105423062
613,-7.490170819735453,-35.21854184841552,22.730157441427608,10.339461417483575
614,-42.19514849104079,-5.043438859536637,-27.124903568098645,1.6432828619949886
615,-7.889155753628338,-43.21481361762125,27.578935892910064,11.02383955467471
616,-0.43803929107976497,-13.437579858059076,6.659538936148386,3.547581048297174
617,-0.6973064226069517,0.29134290888469516,1.0152082359098402,-0.14823146513373942
618,1.3345481127991778,-3.032542216533809,1.0177530388338374,-1.283967457475973
619,-4.509006284848775,-0.18673303500253857,-3.2348635678188997,0.5325885380181542
620,-8.4869616460561,-47.660194782172034,30.830774894883533,12.60727668949692
621,-1.5445259841044001,0.15071736250878473,-1.8451238557395333,-0.6967336396502583
622,0.2795679786047088,-12.915741034104812,8.638212890953124,4.534986706065424
623,-7.25344121771646,-33.71443659837483,21.81961877299378,9.368599664655614
624,-6.98982791421406,-32.01747328813313,17.958643745909434,6.086811156558283
625,-5.359191232101048,-27.899144239976394,17.13376493407319,6.172551087029067
626,-63.924260480379985,-8.917977916950374,-41.45893594470591,1.7936466649048397
627,-7.473006897346104,-50.0783860561792,32.617275825669665,14.343393884834931
628,-7.12436674354069,-32.97850106930175,21.791052213838,10.022773992505956
629,-6.957125825858042,-42.567486830308425,26.974745384385486,11.819563479708917
630,-11.988316082135762,-29.00353120541015,17.339851644168597,1.5896235421173641
631,-5.400830197509055,-41.9269959804956,25.947061291863818,14.570179394371594
632,-2.571936729725128,-18.000180152808017,11.784354002803864,6.200076591459202
633,-3.2320748400449055,0.5087334784325074,-3.28088395642211,-0.6015330786632626
634,-6.249102456545756,-50.17441215888102,31.132035207281806,14.793188495176322
635,-62.21653304812901,-4.453788824632157,-36.928760417769055,0.8646593605352314
636,-8.178233353471681,-40.446348575506995,22.986085823705096,8.690918377525893
637,-6.00212793616049,-40.09982719794352,24.44667874925365,12.764923981316175
638,-33.99299401360346,-1.8791944064243526,-23.073721774885755,-1.8955248430497578
639,0.0027318912983682214,-15.65366704042195,9.727197320789397,4.653482597556995
640,-29.89883139051589,-8.592956317220517,-21.928354788293145,2.991669467575637
641,-1.1583249898512415,-24.064769176398105,11.853004327943227,7.379062266635187
642,-62.56773950971755,-6.132860409969478,-39.737736591169934,-1.2559554065393537
643,-58.58921561954014,-4.61975311016479,-38.644500303735036,-2.459834246350043
644,-31.500493072644797,-5.466988909000545,-24.506190348138116,-1.827689397844387
645,-8.003457668598418,-30.65367451087076,18.61695952368806,4.108378183332371
646,-0.5839520587781324,-22.159003007167964,12.626757335196238,3.531698874123183
647,-1.706919570193614,-25.540487674628086,9.02365465117524,2.5496308917674293
648,-5.172419749871816,-32.35788097754557,20.134294898838103,10.387916337934422
649,-0.44294227975202144,-23.21060696021158,8.851226679017445,1.0792804673187804
650,3.003769891285971,-4.131430613750606,-1.2406350296931459,-4.332405237866156
651,-3.6536445649225766,-20.776564029608554,12.170228393405976,5.219635736432957
652,-37.334941887036884,-2.5970844545910894,-18.843401003350515,2.2729734991861252
653,-12.508535010790752,-45.85546150580485,29.10931312196483,9.084477515506036
654,-5.816897812660461,-27.87256342942952,13.692178280681672,2.835873774178115
655,-34.682040237561786,-5.554057943576961,-25.640117534468274,-0.22511977802983216
656,-3.1639565757671253,-25.447206246608882,12.174025249014598,4.559474082278498
657,-41.99507048048171,-4.993465490891922,-31.10878361112843,-1.4040016219146183
658,-9.408263666605874,-38.65701586778401,24.50171918822358,9.700636795647231
659,-77.23739944217198,-0.9138630904300898,-50.18565230416228,-5.574992928418232
660,-24.255309286888366,-9.885092484707027,-20.097713995446462,1.4004919245712826
661,-1.089130024786716,-19.138402688259273,11.564952881664338,6.736787807432102
662,-7.198361499285624,-0.8185431636913508,-5.864908743371267,-0.4983243915068238
663,-44.96244877892328,-7.139520394558101,-35.5867124085324,-2.313166726144863
664,-37.09189162967198,-3.677126477414756,-32.139316765933934,-4.8845085139202205
665,-56.95287134565505,-4.939621674770503,-45.38043869383106,-4.836496580156399
666,1.267996889178036,-2.2551443206810844,1.0694710528158156,-0.3584279316293328
667,-6.736539108729288,-47.56312663133382,26.440380525122382,10.075570038445083
668,-57.22455090599848,-7.34806437070607,-39.800169833967786,0.5254482144984475
669,-2.497421873783991,-30.33480650956868,19.120105615785025,9.802644731091744
670,-5.533307384129291,-42.24192403530517,27.17073292685578,13.886662256208346
671,-38.19998171247634,-0.3437534846409052,-24.15947235471974,0.6551110461227965
672,-3.5828006100415446,-23.865762142096347,10.393579077254037,1.4818221047394344
673,-7.667341434136952,-41.049399443223464,26.6488988712731,10.150751353787667
674,-9.18074216760787,-44.34245593126058,27.224422009319365,11.787985097852633
675,-9.587167564209228,-41.18871218736409,28.290629338751533,10.961834521579034
676,-4.301676683799352,-23.522278217230625,15.092037311723134,6.113511732704726
677,-9.621083779311105,-42.70103683844645,24.783574691941638,7.0451727822296695
678,-4.316336356774892,-22.54805825924316,13.42247449510326,6.8825156008077535
679,-4.4842929672955725,-18.34232368842203,12.939136536449494,4.2521143769098195
680,-6.370381601826275,-43.6330792782251,23.48093071731955,10.325355143832452
681,-63.29178558108799,-5.573544134949038,-40.91175958362192,-0.28455029776961893
682,-6.299461506978596,-19.006741591050613,13.68277370088329,3.075109493223118
683,-7.928335242644871,-46.261289981756995,29.00666335377127,13.123837234067208
684,-65.47798095462315,1.1247476858353724,-45.471841701338384,-8.887029636415553
685,0.5135222666701423,-0.4670830408775697,0.06612748059660258,-0.2931485943622519
686,-65.86442377485427,-1.0138507562422643,-46.55993323372771,-7.938040284825079
687,-64.27035334028396,0.5851897520279994,-43.73475381579965,-7.44827015053502
688,-1.4139357340096685,-18.674040543789058,11.484944811990163,5.220127108432141
689,-6.748707734719837,-38.69691696539957,21.915520023833015,8.989952814069676
690,-43.157898608024844,-0.28059942300557,-33.157469638655286,-5.253108246637098
691,-1.3887734345355882,-14.466314859940994,6.283017726272643,1.0108588948719572
692,-8.752662552571222,-40.53295809800862,23.501341215302844,8.850064686424819
693,-8.056731048401122,-31.71669076656738,21.04179576191336,7.285054923581369
694,1.2179934971770598,-3.3089799361967933,2.9705120836996044,1.472998431809035
695,-39.76410772718581,-8.88377005632161,-34.85539266315073,-1.7811444088942936
696,0.27559640253491663,-9.850501127793779,0.9367285882734265,-3.056987760973685
697,-74.42251907107823,-0.8296212233646602,-51.68460071928272,-7.971345289064161
698,-42.74927840945713,-2.039701846991369,-30.365885941654145,-4.29081001730036
699,-22.197112106458274,-0.8850771687968463,-18.838493713209726,-1.142360079797817
700,-9.381754024004861,-34.05053749457438,23.475238434007068,8.497689020124364
701,-35.65677804070307,-9.248671400303035,-28.73595703489552,-1.1338467086481183
702,-7.1134894521791985,1.9621411658779888,-6.361423520713746,-0.5398808007565269
703,-32.65860655225905,-1.1620643017236283,-21.903502830336194,0.9382095053665709
704,-53.065513633863056,-6.449725536261389,-40.08581817991505,-3.8285062198963886
705,-54.16621083336664,-7.373789099608252,-36.43119355884165,2.5245603039734434
706,1.984887800439273,-6.309010493511348,-0.10242109345366496,-3.223699131123933
707,-38.2125587693611,-3.247329640144496,-23.71138434456756,0.08587206551163107
708,-70.3020165991544,-2.155350275590409,-43.53753078825245,-4.401139367136074
709,-7.864835106507862,-32.086112725490715,21.250436416795157,6.337052595106052
710,-5.49288612919641,-38.0138928768579,20.94884749902318,8.731020700422215
711,-5.086038215136454,-39.65433286404052,22.584181022177436,11.948944500572766
712,-5.0237772595643255,-22.322800067816562,14.388650567859711,4.470377049334136
713,-56.20402274844639,-9.426383602375179,-40.334776449670095,0.5069731588038674
714,-0.18346258071653523,-3.27676311408916,2.1633370186192797,0.5784752185019723
715,-7.702077670073435,-39.44872322455485,23.766298047234912,9.942620368289239
716,-57.024166130200946,-4.899402208878983,-41.356749423811536,-5.488494186115973
717,-5.837569130635187,-40.870121387396644,21.92772379669577,8.341817936785308
718,-5.483489476815785,-31.765334832424312,17.920758278698028,9.260771355516997
719,-61.10689229088617,-6.412929125382889,-46.61145389921436,-3.6027152821547914
720,-7.845667807435915,-39.30987015143473,24.016779533555408,10.05611126769313
721,-7.020068539357111,-42.971084344143065,26.116610399415393,10.74231378385155
722,-0.6649657223784452,-0.01691922011910776,-0.4284847462869678,0.0794661295784385
723,-41.29605295576247,-5.5101292409046385,-25.042513736555676,1.0300464744242899
724,-0.07293776862415474,0.2588636028226326,0.2118620192312207,-0.18668317522874764
725,-10.81871066806309,-45.217889535183104,28.144938182364204,11.340804031975354
726,-18.73559143461379,-7.677212007596482,-14.09880261467864,1.7786092474930355
727,-45.07371745822422,-4.0599973104937765,-37.36883978890349,-5.400572884592129
728,-4.251316004172887,-37.43906822577555,19.841669094095927,8.297913483269301
729,-46.25382807172927,-2.394702998553106,-30.43504576729705,-4.235434322071783
730,-15.550074600354757,-5.17979718024968,-8.182154067823985,3.4481261586023244
731,-3.401160322801198,-22.14405606960693,11.77104364984264,5.117823999610828
732,-61.36091679650141,-4.028409866247961,-43.9250201071001,-2.20663462928207
733,-66.70082793948643,-1.5203026808841915,-41.826086569299,-2.583651849143419
734,-47.0051883291959,-17.03969358181396,-41.34013228463103,0.10364839582372416
735,-57.79551826236241,-3.8811711348636835,-36.354202159712415,-0.0718551760044822
736,-63.09745918033116,-2.0422440248274696,-42.060801713138524,-2.3478006805109115
737,-6.480038844720448,-24.18714116787353,14.276978802214366,3.212459019310561
738,-56.96353914655837,-12.174767720455316,-42.20333310809702,-0.9901316449172426
739,-19.779894057091003,-2.397085555150498,-13.675402371555267,-1.5642898664004734
740,-7.244963529880767,-39.50319519415934,22.944214057455756,9.371753306674249
741,-60.87321283735427,-7.299015907202551,-43.67001140959034,-1.8715642576542626
742,-62.41421701826247,0.3320074997798711,-41.97023507800669,-7.0063437109318505
743,-47.62851717390212,-6.254707085842281,-32.95303238279591,-2.2767042204863954
744,-48.8099823228279,-1.559321232392777,-37.77343103137583,-6.6902532463398705
745,-1.217786921238825,-18.014994370693355,12.269829423755708,7.036462318387913
746,-49.66136489627354,-9.200856435054927,-36.18541420347462,-0.5466775382684795
747,-9.177118085996236,-32.007746763780105,21.700058412085273,6.820638419675119
748,-53.76087127444737,-5.451874959224849,-43.901952314843435,-3.5693921581036974
749,-0.15345695495850106,0.20858094412397443,0.10220383259683909,-0.3882009943452605
750,-4.6168976855038855,-36.31822306688069,19.003884783913993,6.692017159350005
751,-56.87399675764235,-3.21419849768717,-42.26067373004526,-6.908944118532253
752,-3.917924904004659,-16.991153943294673,9.740631850093902,3.807662329561797
753,-52.023496015047954,-3.979035683228959,-32.14699352628956,-0.7882199173298606
754,-64.43177543399327,-5.504563716803381,-46.28717983610401,-4.283472923947088
755,-68.66268096683018,-3.6376367288374793,-42.93752818154265,-0.5386601572361717
756,-5.003027938977803,-4.561508851999431,-3.9674911980526644,2.0957259749246506
757,-7.022564295109039,-35.08394470587809,23.170357099702258,9.872346809990493
758,-42.541769686516055,-6.453619587177425,-31.17833921161264,-0.6296761716531841
759,-38.01001614647699,-5.21273365393717,-30.53358829862843,-4.382932731025132
760,0.052126403344996054,-0.7797916087055098,0.5273623183670647,-0.9384255493806927
761,1.2294296839079009,-21.40992807125488,9.144296116163632,2.222495010979262
762,-9.368688487187947,-44.02741025661865,29.36782331420014,12.28204958785304
763,-5.111549122309611,-16.49761921937703,12.055697114795747,3.476875624544707
764,-34.21798422254714,-6.442522533490647,-24.69928301222096,1.1772350186976663
765,-44.445485773857364,-7.201761154089758,-35.98827160246144,-2.202098636341803
766,-4.461277935083634,-21.455192951117343,13.31164263837566,5.360929889219292
767,-1.3902897884954266,-11.709916500006505,8.557042923103074,4.244318655617324
768,-10.723454975263204,-0.8951589740856379,-9.06819515274932,1.0600988581650328
769,-56.69561197675856,-1.3355290768090775,-42.3268132691281,-6.125170418136033
770,-7.074817620889271,-45.91576741909424,29.35756392432282,11.333357415087308
771,-12.332277003105409,-1.1501915382885823,-11.079551109144786,-1.4438028767831257
772,-7.827066074486499,-46.12420692816813,28.88687725020478,12.800375234571383
773,-39.42718094902826,-1.8002598164025834,-32.40737490700652,-4.783454287561489
774,-19.42803734856439,-0.46000304595071967,-8.178244321018159,2.6375822638345627
775,-10.53431854960911,-43.88042424892822,27.732122929424346,12.013250272956775
776,-54.45850183881911,-8.121949422115474,-41.012171634504895,-3.25439857295425
777,-2.564674996511067,-9.58898868933756,7.594011934131682,2.90140824664363
778,-66.36342050947341,-0.032421974097082015,-49.047157812585134,-10.138897487037095
779,-19.708726905957786,0.5223628205514064,-14.542619117567638,-2.4650127773609887
780,-56.649161679720805,-3.4997595824344843,-38.91204822904835,-4.124064831448309
781,-0.6843037587165091,-23.619110174729812,8.197856219142974,2.1147043024373917
782,-45.653280916984805,-10.743948944165695,-28.51844045367807,2.0402044171962013
783,-52.870175702547954,-7.129583108181148,-37.27049148924122,-1.2632262990004945
784,2.750297602836365,-2.7579085307860267,-2.4716613178150846,-5.320304700248155
785,-6.895851019199615,-45.39496142442464,30.0722763851586,16.053717863050387
786,-4.422701242740875,-31.311355340236812,15.57903547240327,6.709710529930678
787,-7.11194058574828,-36.99655825670003,20.407333201696776,7.962504954623468
788,-48.97965242780837,-2.341449347887823,-29.930995194583833,-1.497209741187804
789,-1.7227907162665579,-7.558922119691361,4.083040427695017,-0.13964048873654297
790,-5.574088596479023,-15.998641558244216,9.398055902650258,2.0462743555379777
791,-2.8324869554995753,-20.925421146307773,8.956606816778878,1.099418174711155
792,-23.3656308086474,-2.5282059786263993,-12.353974231550792,6.957204104947336
793,-71.29013381717198,-6.170025733862707,-41.05268658048878,1.52240106611181
794,-9.910506231760904,-42.033415861680496,27.255907805294097,9.398411515094129
795,-64.14335825361404,-3.7805491166853797,-39.45426961627573,-0.40170394233138645
796,-45.769576413607524,-6.129294224336136,-36.690495380232434,-2.954827217770331
797,-49.67356366234613,-0.16348193859496613,-32.48306549436818,-4.117919679495407
798,-59.55151496646397,-4.671523002539465,-40.63491810209523,0.409367453542637
799,-5.013109889552917,-38.82304484422444,24.75472302390168,13.28843221216131
800,-2.6634712946175787,-32.45261230841715,18.374659852713645,7.8246732567621144
801,-3.805175203259712,-21.130974519008785,14.169726323614817,7.346585126208551
802,-64.59848406232986,-12.930590796226648,-40.41001690275441,2.7704792534185323
803,1.2809046525002268,-9.634331293656816,4.172391525437733,0.7703249171249937
804,-14.029510203178651,-1.1080376980248978,-13.34407382058074,-2.2310988391565414
805,-7.0548409453788645,-42.071047850205886,28.22616135232677,13.4240702902151
806,0.07028818808404073,-11.728590873633214,1.741546801259419,-2.717666793378902
807,-11.640803360120382,-1.2325792389655004,-11.659675487349132,-2.1381599590308595
808,-48.72722691613031,-4.459786800299475,-31.493419854312837,1.3149058138204486
809,-61.12390584069086,-4.945281413946936,-42.64498349872202,-4.311071622881008
810,-63.561159156934345,-7.463648724311977,-32.84963978178273,5.3019584928823384
811,-6.467261451657539,-44.25384114956299,25.41421915246079,9.860680035240737
812,-6.595784952914641,-36.81616376614013,22.263510099580188,9.391035478797841
813,-6.997882294829612,-39.25237503424723,21.906408102840484,8.965287130561757
814,-51.93634798444899,0.5927976888871302,-32.671425390710134,-2.685492067051642
815,-1.8429180365561697,-32.04167595282633,21.10544501893749,10.255163442579198
816,-59.26600267805251,-1.4269815164351354,-42.12337355660369,-6.481620181116177
817,-4.982129835263814,-20.634240217759597,15.224086474905711,6.033591043439793
818,-0.9569511594135814,-15.922194389258214,8.853774236172736,2.9044816508762907
819,-11.726601623670186,1.345317008341959,-11.99502417293161,-1.745095877362006
820,-8.474026653345351,-40.14454689398844,22.417303156386115,7.707324118899591
821,-4.160228792007691,-16.804499216630447,10.732470086743733,3.8494529043508443
822,1.7570740747690943,-5.946724561606238,1.1209776516063021,-2.617739666017605
823,-8.20370430069757,-43.78884544745524,28.905907821188666,12.998500755913343
824,-6.919564290022776,-41.15150680914957,25.450464836289783,10.38469514398504
825,-28.24331381239089,-1.9255462812924276,-18.270789830356538,-0.9181613808003196
826,-36.64688462334467,-12.36089756861765,-33.928203789859715,-0.2462457304325828
827,-37.985463801201114,-1.9930749612593541,-28.27485200610727,-2.692449001980536
828,-48.55565963504307,-2.4453074611767023,-38.81404229846567,-8.709467876466823
829,-44.65504521447016,-6.360807188107956,-30.315418450504243,1.0406364316615335
830,-4.400142235732004,-28.57282232021728,14.076937388907176,4.190558047580011
831,-4.562105668759272,-40.11216710781493,25.421204757223823,13.846987417824353
832,-2.6085928908744704,-34.97373810187418,14.288865438630483,3.17620707699387
833,-3.9445063304661967,-18.34970369711954,10.447932751506865,4.264679751284209
834,-4.669334315435018,-29.550293671840816,18.926538776884776,9.45680229016869
835,-58.00366658287836,-3.3439800617639115,-39.44030305591196,-2.524398871772203
836,-34.39073533135248,-3.79997152860402,-20.073201227654714,5.0563181256128225
837,-22.579827649569438,-0.7709372716689001,-10.183838733503917,2.4886831457289924
838,-3.9294871123392636,-23.36020476396321,12.597078513632518,5.205179295427886
839,-48.90851722476475,-5.937632826720068,-33.56485578265757,0.24719179321059295
840,0.59021276499545,-0.9391534405493628,-0.02557047056128331,-2.1394187097874413
841,-8.068463189577981,-34.039554981146644,21.449757686784167,8.421063345161366
842,-33.84589928704096,-3.1339759307646644,-24.073839235772393,0.05161028254756044
843,-3.725555780704742,-19.070398080104976,11.964544282883706,5.248697520779856
844,-5.84404219009074,-36.606640247259925,20.154387863010466,8.611791224765069
845,1.3177009845267482,-4.533692824596553,-1.1960072204169625,-3.9300068502751118
846,0.4549995779315907,-0.21408848738112948,0.0023663257867822065,-0.40254771810055207
847,-3.9584249755252654,-28.35865854000488,18.17171568823884,7.7822789365920295
848,-1.602980199630981,-28.63347250993489,16.115182828436595,8.418661526329604
849,-4.259712431009537,-33.38395220811604,21.342709890534778,10.711104086525525
850,-0.1873549602189912,-14.502031393601882,5.6989545738004646,0.31694159059453714
851,-64.47425335961175,-6.923026827727148,-39.613457251061696,-1.5245125974344342
852,-47.20471924858881,-10.681793002043554,-32.361204990217786,1.1419520889593036
853,-0.23409148062360818,-3.896963306024064,2.2155255392494806,0.6106652234865101
854,-56.952101412590274,-6.571400908385107,-38.25435118721892,-0.5743239258852729
855,-2.0383620492378127,-31.477054663255203,20.30030849728018,10.320445707924453
856,-4.750684761182393,-35.34876925523518,18.37280878576666,5.9158446902903785
857,-42.015919072604106,-1.8779687362456212,-37.56240547544728,-8.209837902101588
858,-40.15053942121657,-4.01767852679331,-27.90382692065805,-3.55817324768773
859,-51.83199821231358,-0.5623007493758092,-31.39187515623341,-3.7134541953729716
860,-8.221507758573617,-43.899439243231605,25.220488455425002,9.670908224073338
861,-4.730556421653356,-38.06970253363688,21.4197306946221,9.4392979259166
862,-56.5522550177335,-5.095531371985266,-45.015275208621915,-6.195283282312466
863,-38.44604303754958,-4.655931460613399,-28.10146447864145,-3.88612467399509
864,-54.9930623602628,-3.189324764166662,-44.85188918160369,-8.735074906063788
865,-58.050494534945415,-7.141998239114273,-40.19408818927378,-1.1451989298191794
866,0.3754106033087518,-8.51049223319132,5.994519344499012,1.9771791810664405
867,-57.629728340283954,-3.546632834031571,-42.564959733158055,-4.995486963304592
868,-63.23402788557204,-1.0155519522770138,-39.987873602380056,-3.904215239994439
869,-1.6886532536903276,-14.448746430629877,8.657601348092458,2.0490976686152687
870,-7.196542603945658,-49.1958545722111,28.311164172023833,11.597716104474948
871,-41.40234504458897,0.3887218333737165,-27.888571310509942,-2.099299379699144
872,-39.68561683413975,-8.495354898526658,-28.494872936079602,2.4015369926763444
873,-6.323205215907023,-32.28159339006184,20.832052063475352,10.197902929273534
874,-5.770213726337676,-33.85712407802978,18.47104008151124,8.317687274503
875,-67.35055035668206,-10.754273958756912,-42.270109065840344,0.8899344319972268
876,-1.8116179798304293,-20.556641645982253,11.073861709763905,6.2749014710260305
877,-5.970113881603802,-27.787392365688472,17.8681588486138,6.975382885820952
878,-1.1645711989958338,-27.203651495530593,15.507589947710734,9.3877519085877
879,-1.2617357504128668,-19.714632737392574,12.085440468321544,6.561860721794056
880,-5.316023566500272,-31.45447547013997,21.420789908896186,9.913807632016427
881,-7.533078176951334,-44.35657984788656,24.240510892401435,10.03081887114772
882,-3.821809742029434,-27.228280134751785,17.881996503999137,7.933583906776992
883,-48.216103894686626,-4.395081905279944,-35.34396669116587,-3.7967155262954164
884,-53.749168419019306,-5.453892059876908,-38.274874258507985,-3.0614607617385317
885,-1.8315506410359619,0.17041649395784833,-2.3051736240284635,-0.770700045936021
886,-4.46384398954702,-22.71475003933349,14.347606253157359,6.570983818657485
887,-6.339626335279072,-30.554180848354488,19.73600180102418,9.694447290388036
888,0.7668059387048828,-1.2302726335867138,-0.1167618368761732,-1.3519806102044514
889,0.2615323680878427,-0.1201328265213857,0.48010816328754086,0.2421099707357954
890,0.6583921480417992,-1.8544693666243444,0.3665293172302848,-0.27432057858776343
891,-11.93852824288202,-0.8080834860646616,-9.24602513359954,-0.05932600151768614
892,-3.4972464833914496,-20.939605780198562,14.34646736734142,5.962290457375136
893,-10.334806544756814,-33.68386211768229,19.901381206045848,2.5665959631276993
894,-6.174648665563191,-31.76813736334879,19.715228648513854,8.878016711758859
895,-24.938128812289165,0.44172914052566986,-18.798312871128022,-1.4923814818389347
896,-3.34542584238045,-22.334949878607578,15.640889834891063,7.120663177457737
897,-6.3417810705064985,-36.15304095323323,21.93877914699942,10.136129946994073
898,-31.912668569064067,-2.3627008475406854,-27.39105308897267,-4.887400814406785
899,1.7421044489483781,-4.109190074358771,-1.5208626473642382,-4.792368480079087
900,-1.5264486453691377,-17.269150165472812,11.382020092537305,6.02034975239365
901,-0.3538328192392244,-15.519680726284173,10.964787435065013,7.124166500059055
902,-62.483212811922954,-4.704556373511145,-45.34591981616586,-5.98789504022669
903,-1.6914214622735235,-18.074654328579097,12.453385940720937,5.436246565468398
904,-7.469800043280845,-40.02722778693278,23.93523346536388,11.270473720120675
905,-47.67187534091465,-11.754850931718337,-36.23019779569874,-1.4404831215865543
906,-2.5683852366367232,-12.120398906622716,6.4017806763751315,1.1310265973084044
907,-8.642642560776,-39.22547315334716,23.871036322444976,9.372645786888686
908,-45.05922955590082,3.255052062119654,-34.55912960417042,-7.9208174432443705
909,-70.52919326541416,-3.5992127137923133,-46.38541210539112,-4.638921567313584
910,-4.313334627127573,-21.0302404440983,13.99019192807903,6.718760342883356
911,-0.06480086661967173,-6.816022622341304,0.5229845856927838,-1.8888758406169346
912,0.8487236319224781,-1.8158470667942257,-1.179381617376903,-2.803034373633775
913,-25.36123103218866,-7.969394612068324,-20.430835454135835,1.4293297643336524
914,-11.257031940595235,-25.89128278469482,16.400206636915904,2.2734495912862687
915,-36.41737940229567,0.06650188788335622,-27.124354887475274,-3.9685777311650043
916,-30.996048314547465,-0.5703439392193049,-22.512101857334077,-3.9116628651943928
917,-3.917466385340617,-18.358268487209468,11.911398839483958,5.8352100963267555
918,-30.36980504113031,-2.5742001809223383,-15.986753035058278,4.621540915456699
919,-5.504929371849621,-47.15841204698324,30.14626434597403,16.68948039560247
920,-54.86069745140863,-1.5501299577498326,-43.269446580081876,-8.217913099639329
921,-1.0065334371486558,-8.333499419445186,4.1147518073820075,2.6459100509557
922,-22.054917835370627,-14.470070692652849,-22.723695167372327,3.184072426445571
923,-37.50872646090977,-7.131572753443707,-26.659656413862805,0.7951807692520689
924,-1.4288900476454947,-5.947998511547237,3.8720462238096203,1.2936931565277647
925,-4.639135016179011,-32.82191315070231,19.633489997715056,11.42837501713364
926,-0.06179037012251746,0.02774639154037933,-0.7357155764795337,-0.6096097936359176
927,-57.996189776237735,-8.414379028235265,-32.49285368966033,6.6341776167226705
928,-70.92697463748448,-4.037981259578853,-45.82625441597869,-3.0604454164829975
929,-55.3968709540128,1.4341414096411178,-40.32826285408904,-5.483891987316522
930,-57.197117510612735,-3.367031482611486,-44.124732224613126,-6.148041192206455
931,-10.936116003171529,-43.562834806993,28.656605672369697,10.057750306017486
932,-56.63447636681391,-2.4860959726118934,-38.79659323738982,-3.3780718530344096
933,-1.7988245419422266,0.22889363740445276,-1.8897085025605553,-0.1685656941622127
934,-44.69774375674717,-1.54418109630981,-34.30678261167775,-5.420983019980503
935,-5.241100751535024,-33.79518579220214,21.78448688142528,9.230402312166778
936,-2.697325411613708,-6.137877690548091,4.3407174860738715,0.0033198634657135664
937,-46.09166592675043,-8.314285842333623,-27.00810008095672,5.175641101089405
938,-0.5198646728974009,-3.426446147515763,2.5738812402191935,0.8424256260070077
939,-7.886443916137939,-41.337360131496574,27.442050885687568,10.874837966250665
940,-26.349360489026633,-0.8131909844819596,-19.324411122470796,-2.1235203231500717
941,-7.245662026778782,-34.72137807583251,21.133416127691966,9.02880803891747
942,0.609442474269941,-17.111074514939773,11.838343015839955,5.818327160166986
943,-4.597711998399025,-42.900715259466956,27.184951098293364,13.943488847700046
944,-60.24850402591221,-7.5800460852726195,-47.84488031116098,-3.8660700604445863
945,-3.741297844227081,-36.38014704759358,22.566070786645312,12.39093646554876
946,-8.789393388406362,-43.30860049302816,25.44353146506379,10.19254152127831
947,-53.432579063550556,0.2987732214188685,-42.80641163236866,-8.019347457600349
948,-52.05836044070713,-7.883302795643001,-32.88701904661427,-0.32843433669478983
949,-0.321108776505714,-20.164904343837886,5.995632679790557,-0.1559360707925885
950,-31.754614217257426,-4.797987289979447,-23.540280867089532,-2.134527950001471
951,-16.269249780154155,-2.769768623267004,-13.611714411248464,-0.8333279177672792
952,-5.499253474847401,-34.94064687466064,23.54516557011038,10.821981759356744
953,-26.188354515210715,-1.9638663011336217,-14.783363549381194,-0.7642876640088487
954,-34.94829720574213,-6.725429204855749,-30.63086721149057,-3.372704653454535
955,-0.0534323485453182,-3.618874766185273,-2.1386814151900007,0.8819953665011
956,-48.858912808871196,-5.664640036974737,-31.072134860823255,0.31145530093440127
957,-3.297994224405215,-16.820740290238845,10.503438345124623,3.6948061004154753
958,-55.46616238671137,-12.263464855903772,-37.49666520801157,1.9524898990862438
959,-1.734537898923879,-14.294003236049798,8.865134707620046,3.657180986292449
960,-62.77421635704828,-7.37383181627034,-40.31641885486216,-1.225057873639179
961,-31.838974022046653,0.21881386860769092,-24.081358798811536,-5.739161837610317
962,-54.936607383863056,-5.34959319010813,-32.63959142413706,-0.4801824376113344
963,-60.898726804232524,-9.750274487092485,-45.24103248960743,-1.984202174854987
964,-2.9273531369129078,-24.3829867718164,14.96537215663026,6.70730916806786
965,-1.571631772494242,-13.173510618760574,8.198385905752877,2.9493300929539275
966,-25.92007083016229,-6.152672795210669,-21.3207736496823,0.37108688700923037
967,-3.1048251372336604,-28.847253548854976,15.395614377190968,6.871170134829767
968,-67.4439131649096,-3.1529705402795365,-46.066470353275236,-5.055059381835374
969,-37.45285672264887,-4.728718824937332,-24.93148760842254,-0.8315758591023216
970,-2.567579545752133,-31.45958112453857,18.726933153003753,9.43765808292954
971,-5.9505793682495005,-43.437397388373206,26.01211678140392,12.781795592593438
972,-4.368483685628499,-38.855514911566566,21.53227451595694,7.086430004723159
973,0.7410888093949106,-11.282391456518956,-0.1760132396913562,-5.037103164705349
974,-55.91994605777256,-7.338143574947505,-43.16516483671436,-2.721111365668687
975,-9.113266967908467,-37.18942108527262,24.866576226085723,10.174551577853448
976,-44.45114519514235,1.7018300217843165,-35.678654877811375,-8.643722761186671
977,-56.632089637891376,-4.374640373144934,-37.96184973763396,-0.7003493194905052
978,-0.5980993925789251,0.4232281145906558,0.7293664772364504,0.32882571352624607
979,2.265558345751787,-1.7783577717884274,-0.8848470483915954,-2.8950126454360414
980,-6.997346026873514,-28.565406230841464,18.74027430169811,7.31208460677394
981,-40.70594026960524,1.56448802575033,-31.313634761641126,-5.63293579073023
982,-55.869397504305766,-9.059431461249181,-42.786409903039235,-3.1830068712559467
983,-19.500289463178245,-8.709329771751552,-12.291177479892669,4.092207314061411
984,-8.297440353210693,-37.45480194464762,25.440510622193713,11.729436647382663
985,-30.785479568616477,-5.213549860074509,-15.511039940982757,4.812345158544468
986,-5.1630285811185095,-41.46505585089762,24.286981156995196,11.729807934649076
987,-42.4158172837654,-5.246855107699225,-28.486541955142915,1.2309875999761493
988,-7.699054184730773,-29.429873851691074,17.466832306514483,4.755850088087009
989,-7.484778049762969,-34.808049905056144,20.917943548689585,8.119584174441583
990,-42.04128521996332,-5.0642873324497435,-29.216655302514337,-2.7660805667566386
991,-67.81687865970127,-5.09253429150024,-41.10939587003956,-1.8257634972658883
992,-59.367490155672954,-10.249648638322343,-45.1270521963335,-2.191664008808844
993,-31.689691248710876,-1.1196515214983513,-26.3173408989804,-3.8764707133300234
994,-43.90465865848057,-6.515423603608597,-32.7708214605547,0.14569589643407574
995,-40.9754670691251,-3.906831530485937,-28.354486354658704,-3.150928565375718
996,-5.006896340028371,-26.465401081000156,17.304389388889373,8.145248186078954
997,-44.51295854963454,-0.8030337967022151,-27.407024908532403,-1.4678057715423038
998,-6.40977053846014,-28.13420238867838,17.138670992384654,4.214061351107843
999,-49.274764401888774,-5.409232703600714,-28.696009207238458,1.2686137075099222
1000,-0.5688006909449154,-7.771246341620276,2.2152448578728245,-2.158424112865292
