number,value,datetime_start,datetime_complete,duration,params_C,params_epsilon,params_gamma,state
0,-7.325209723767202,2026-01-17 19:47:48.877057,2026-01-17 19:47:50.531426,0 days 00:00:01.654369,58.636914992464895,0.39874077866519925,1.0309801736525839,COMPLETE
1,-7.266672076386108,2026-01-17 19:47:50.532152,2026-01-17 19:47:52.011009,0 days 00:00:01.478857,49.963415365162405,1.001534280059927,0.9954435721240342,COMPLETE
2,-7.803373431340799,2026-01-17 19:47:52.011680,2026-01-17 19:47:53.595780,0 days 00:00:01.584100,58.08877200366024,0.37755797948775144,3.1013766831809426,COMPLETE
3,-7.785268278519977,2026-01-17 19:47:53.596427,2026-01-17 19:47:54.901268,0 days 00:00:01.304841,46.21851998249638,0.6622591369767619,2.986221926686463,COMPLETE
4,-7.40090572443236,2026-01-17 19:47:54.902065,2026-01-17 19:47:54.924955,0 days 00:00:00.022890,56.44235848488326,0.9943952779936479,1.3979821461690753,COMPLETE
5,-7.502805112044607,2026-01-17 19:47:54.925718,2026-01-17 19:47:54.948817,0 days 00:00:00.023099,47.50850884109677,1.061410940798574,1.819249738430628,COMPLETE
6,-7.731058022688797,2026-01-17 19:47:54.949635,2026-01-17 19:47:54.962381,0 days 00:00:00.012746,64.2731615200867,0.9005243072697604,2.759267845207625,COMPLETE
7,-7.289639596949913,2026-01-17 19:47:54.963044,2026-01-17 19:47:54.975537,0 days 00:00:00.012493,48.546154182416124,0.639387513688362,1.0894857524982646,COMPLETE
8,-7.2024632268908775,2026-01-17 19:47:54.976244,2026-01-17 19:47:54.988336,0 days 00:00:00.012092,45.37185568129556,0.7915335866423733,0.6582221339760035,COMPLETE
9,-7.963033886908025,2026-01-17 19:47:54.988879,2026-01-17 19:47:55.001262,0 days 00:00:00.012383,40.65246522339257,0.13812319490912545,3.650967047215641,COMPLETE
10,-7.257207277719044,2026-01-17 19:47:55.001789,2026-01-17 19:47:55.016964,0 days 00:00:00.015175,26.126231490062768,0.7946090221869658,0.616729226809566,COMPLETE
11,-7.291687915904343,2026-01-17 19:47:55.017480,2026-01-17 19:47:55.031639,0 days 00:00:00.014159,28.03136198666091,0.7951061950472816,0.5093649479411995,COMPLETE
12,-7.198496163720598,2026-01-17 19:47:55.032201,2026-01-17 19:47:55.045939,0 days 00:00:00.013738,37.44745112199807,0.7933433287685027,0.5726712488941296,COMPLETE
13,-7.541520207581864,2026-01-17 19:47:55.046545,2026-01-17 19:47:55.062029,0 days 00:00:00.015484,36.83560573822799,1.193563672002711,2.098754232516607,COMPLETE
14,-7.384065870215861,2026-01-17 19:47:55.062613,2026-01-17 19:47:55.077585,0 days 00:00:00.014972,34.96370445229246,0.4397135978224404,1.7181254928618452,COMPLETE
15,-7.6818099282363335,2026-01-17 19:47:55.078085,2026-01-17 19:47:55.092788,0 days 00:00:00.014703,39.571870373412004,0.7604931962253951,2.482300563632467,COMPLETE
16,-7.293005749263349,2026-01-17 19:47:55.093564,2026-01-17 19:47:55.108631,0 days 00:00:00.015067,30.78767598002216,0.5360110456846943,1.4167644527436747,COMPLETE
17,-7.252422104775034,2026-01-17 19:47:55.109377,2026-01-17 19:47:55.123240,0 days 00:00:00.013863,42.85683801689408,0.22924390553003476,0.7619971839777282,COMPLETE
18,-7.30618286462239,2026-01-17 19:47:55.123989,2026-01-17 19:47:55.138706,0 days 00:00:00.014717,33.40035709970665,0.8777447574885389,1.5197356123865073,COMPLETE
19,-8.034348221982654,2026-01-17 19:47:55.139208,2026-01-17 19:47:55.154125,0 days 00:00:00.014917,52.68163235614335,0.5662896417022898,3.7772199813261573,COMPLETE
20,-7.573152919864986,2026-01-17 19:47:55.154618,2026-01-17 19:47:55.168665,0 days 00:00:00.014047,44.340736200866125,0.6993960659059588,2.035185621893776,COMPLETE
21,-7.271044063829692,2026-01-17 19:47:55.169180,2026-01-17 19:47:55.182745,0 days 00:00:00.013565,41.359658364050894,0.05605689023711127,0.7934876350131184,COMPLETE
22,-7.286384788848201,2026-01-17 19:47:55.183442,2026-01-17 19:47:55.198183,0 days 00:00:00.014741,43.599530277015425,0.2474684640271282,0.9062410488820518,COMPLETE
23,-7.277697303341549,2026-01-17 19:47:55.198877,2026-01-17 19:47:55.211992,0 days 00:00:00.013115,36.94101339373809,0.3026343603818551,0.5194122284542644,COMPLETE
24,-7.363737269729084,2026-01-17 19:47:55.212708,2026-01-17 19:47:55.225508,0 days 00:00:00.012800,53.19071455255405,0.5352455311035825,1.2928642100378323,COMPLETE
25,-7.230741735871071,2026-01-17 19:47:55.225995,2026-01-17 19:47:55.250021,0 days 00:00:00.024026,42.54610497396075,0.8898895103520305,0.7959907716819754,COMPLETE
26,-7.26393503668304,2026-01-17 19:47:55.250691,2026-01-17 19:47:55.264793,0 days 00:00:00.014102,38.60781263756063,0.9101421264647374,1.2214792338228602,COMPLETE
27,-7.2006904693746545,2026-01-17 19:47:55.265362,2026-01-17 19:47:55.279215,0 days 00:00:00.013853,32.51355466459038,1.137005310240642,0.8283928048793701,COMPLETE
28,-7.339217747050489,2026-01-17 19:47:55.279901,2026-01-17 19:47:55.294016,0 days 00:00:00.014115,32.38284856761738,1.1878901942852211,1.6643228234417957,COMPLETE
29,-7.2387454813306435,2026-01-17 19:47:55.294504,2026-01-17 19:47:55.309237,0 days 00:00:00.014733,29.862375985017366,1.0795200476601479,1.0880121572960717,COMPLETE
30,-7.1968280159390785,2026-01-17 19:47:55.309946,2026-01-17 19:47:55.323789,0 days 00:00:00.013843,35.2652618524604,1.0900614052210489,0.705496891418784,COMPLETE
31,-7.19923048595385,2026-01-17 19:47:55.324494,2026-01-17 19:47:55.338479,0 days 00:00:00.013985,35.86519819875835,1.1128262024761828,0.6915930404415821,COMPLETE
32,-7.232468554729579,2026-01-17 19:47:55.338972,2026-01-17 19:47:55.353821,0 days 00:00:00.014849,35.321408706894836,1.118845492864986,0.9824788899897824,COMPLETE
33,-7.249667517176715,2026-01-17 19:47:55.354270,2026-01-17 19:47:55.369822,0 days 00:00:00.015552,25.098044587334012,0.981256488923325,1.1548277309741453,COMPLETE
34,-7.213011569100172,2026-01-17 19:47:55.370631,2026-01-17 19:47:55.385890,0 days 00:00:00.015259,32.34329247438865,1.1126655589488306,0.8755020215482369,COMPLETE
35,-7.1966746921751765,2026-01-17 19:47:55.386426,2026-01-17 19:47:55.400459,0 days 00:00:00.014033,29.197814051693705,1.0354306223670873,0.7148822768431734,COMPLETE
36,-7.997960083117432,2026-01-17 19:47:55.401048,2026-01-17 19:47:55.414912,0 days 00:00:00.013864,28.0946072989389,1.02391609940172,3.440413463042988,COMPLETE
37,-7.205019734978589,2026-01-17 19:47:55.415642,2026-01-17 19:47:55.431059,0 days 00:00:00.015417,37.99181420598166,0.9571929650457814,0.6537070341538455,COMPLETE
38,-7.658616061300019,2026-01-17 19:47:55.431524,2026-01-17 19:47:55.446009,0 days 00:00:00.014485,35.27155568198279,1.0419011481084315,2.454527202181796,COMPLETE
39,-7.229180423000469,2026-01-17 19:47:55.446567,2026-01-17 19:47:55.461909,0 days 00:00:00.015342,29.659078097892746,0.9358255778708625,0.9816135144314775,COMPLETE
40,-7.277303355406454,2026-01-17 19:47:55.462421,2026-01-17 19:47:55.477047,0 days 00:00:00.014626,28.017751658713653,0.866525327608015,1.3404083532429647,COMPLETE
41,-7.200688156219305,2026-01-17 19:47:55.477732,2026-01-17 19:47:55.492134,0 days 00:00:00.014402,32.827706425654746,1.1451260925195574,0.6998252638572853,COMPLETE
42,-7.2295323975071994,2026-01-17 19:47:55.492860,2026-01-17 19:47:55.506570,0 days 00:00:00.013710,34.389727381364125,1.1495397404772694,0.5239704957293633,COMPLETE
43,-7.195985299126681,2026-01-17 19:47:55.507063,2026-01-17 19:47:55.521592,0 days 00:00:00.014529,30.693775896238726,1.0774372177017637,0.6833786082976032,COMPLETE
44,-7.238697367532619,2026-01-17 19:47:55.522258,2026-01-17 19:47:55.536748,0 days 00:00:00.014490,30.53109941096636,1.055779243510333,1.0737264788246244,COMPLETE
45,-7.2351027762127105,2026-01-17 19:47:55.537442,2026-01-17 19:47:55.553330,0 days 00:00:00.015888,26.7072071771643,0.9959430575332563,0.6577072923377832,COMPLETE
46,-7.305931119934921,2026-01-17 19:47:55.553936,2026-01-17 19:47:55.569662,0 days 00:00:00.015726,36.222849027462445,1.0853996743376813,1.5116590004524848,COMPLETE
47,-7.245467128514446,2026-01-17 19:47:55.570504,2026-01-17 19:47:55.586108,0 days 00:00:00.015604,39.82108249633344,0.8240019205702848,0.9617257671351038,COMPLETE
48,-7.840255582786793,2026-01-17 19:47:55.586900,2026-01-17 19:47:55.602493,0 days 00:00:00.015593,37.608055635937745,0.7092098059843978,3.1336919734974744,COMPLETE
49,-7.266333029121879,2026-01-17 19:47:55.602992,2026-01-17 19:47:55.618609,0 days 00:00:00.015617,31.299777191277315,1.1896616186140552,0.507093704797384,COMPLETE
50,-7.411633508892331,2026-01-17 19:47:55.619093,2026-01-17 19:47:55.633965,0 days 00:00:00.014872,27.348511250445092,1.0133046214263854,1.8973831421177305,COMPLETE
51,-7.196892955639983,2026-01-17 19:47:55.634445,2026-01-17 19:47:55.649546,0 days 00:00:00.015101,33.728591047964294,1.157402657457612,0.7177996380042043,COMPLETE
52,-7.19952165836101,2026-01-17 19:47:55.650060,2026-01-17 19:47:55.664474,0 days 00:00:00.014414,34.18134340716411,1.0871772229336603,0.7020054031786256,COMPLETE
53,-7.223639715684612,2026-01-17 19:47:55.665166,2026-01-17 19:47:55.680801,0 days 00:00:00.015635,36.20030253063844,0.9589735237340992,0.8661647614286456,COMPLETE
54,-7.241114978040041,2026-01-17 19:47:55.681354,2026-01-17 19:47:55.697152,0 days 00:00:00.015798,29.375230149117726,1.164210986956518,1.1616161837612506,COMPLETE
55,-7.290065871974713,2026-01-17 19:47:55.697823,2026-01-17 19:47:55.711965,0 days 00:00:00.014142,62.632716771922645,1.0383667805678338,0.6783683759952671,COMPLETE
56,-7.205200170848239,2026-01-17 19:47:55.712657,2026-01-17 19:47:55.727657,0 days 00:00:00.015000,41.353023693353435,1.096721073411097,0.5878568783439828,COMPLETE
57,-7.2129373204886535,2026-01-17 19:47:55.728627,2026-01-17 19:47:55.742874,0 days 00:00:00.014247,39.52021241187545,0.846835355695329,0.8036946560514378,COMPLETE
58,-7.27355936553011,2026-01-17 19:47:55.743571,2026-01-17 19:47:55.759183,0 days 00:00:00.015612,46.2399682180123,0.7395683751263766,1.0086974386341458,COMPLETE
59,-7.274330130361006,2026-01-17 19:47:55.759674,2026-01-17 19:47:55.774466,0 days 00:00:00.014792,31.652455927272083,0.6144031130020188,1.255216950656794,COMPLETE
60,-7.1898816558058485,2026-01-17 19:47:55.775027,2026-01-17 19:47:55.789470,0 days 00:00:00.014443,28.744317585045312,0.932366574813945,0.7817783151678216,COMPLETE
61,-7.191787419373014,2026-01-17 19:47:55.790118,2026-01-17 19:47:55.804992,0 days 00:00:00.014874,29.015104887894516,0.9353174210788552,0.7676502977250816,COMPLETE
62,-7.1985868754940086,2026-01-17 19:47:55.805493,2026-01-17 19:47:55.820293,0 days 00:00:00.014800,25.659144543623366,0.9240271731433178,0.8851006265602086,COMPLETE
63,-7.239244818958343,2026-01-17 19:47:55.820964,2026-01-17 19:47:55.835208,0 days 00:00:00.014244,28.479094856753527,0.9737603347909684,0.5990053257737018,COMPLETE
64,-7.19119868396336,2026-01-17 19:47:55.835815,2026-01-17 19:47:55.850879,0 days 00:00:00.015064,29.17808751506365,0.802299449147718,0.7849815933972475,COMPLETE
65,-7.197007703759374,2026-01-17 19:47:55.851850,2026-01-17 19:47:55.866609,0 days 00:00:00.014759,29.205056240356598,0.8400883998171574,0.8151979655367435,COMPLETE
66,-7.242369599424675,2026-01-17 19:47:55.867083,2026-01-17 19:47:55.881350,0 days 00:00:00.014267,26.391725697553287,1.0156960907705295,1.0916175507976393,COMPLETE
67,-7.224131075051057,2026-01-17 19:47:55.882043,2026-01-17 19:47:55.896661,0 days 00:00:00.014618,30.92345104351248,0.8956865012085738,0.9377197864477476,COMPLETE
68,-7.194006745318646,2026-01-17 19:47:55.897333,2026-01-17 19:47:55.912750,0 days 00:00:00.015417,33.71648129113514,1.0610393438045809,0.7498803228012044,COMPLETE
69,-7.299833224898789,2026-01-17 19:47:55.913371,2026-01-17 19:47:55.928059,0 days 00:00:00.014688,27.21902083092255,1.0563362750519882,1.5293885474388076,COMPLETE
70,-8.168301900325515,2026-01-17 19:47:55.928603,2026-01-17 19:47:55.944113,0 days 00:00:00.015510,29.938761149044378,0.9402853548633221,3.9778875329332246,COMPLETE
71,-7.194378654380548,2026-01-17 19:47:55.944950,2026-01-17 19:47:55.958602,0 days 00:00:00.013652,32.87668115495124,0.9920748914430076,0.7490654692944042,COMPLETE
72,-7.197096895070172,2026-01-17 19:47:55.959270,2026-01-17 19:47:55.973879,0 days 00:00:00.014609,31.6902266459265,1.0053471351977425,0.7876063942233601,COMPLETE
73,-7.191330866812898,2026-01-17 19:47:55.974600,2026-01-17 19:47:55.989176,0 days 00:00:00.014576,33.30954761968081,0.9741208708993623,0.5992906686752542,COMPLETE
74,-7.232731571824912,2026-01-17 19:47:55.989791,2026-01-17 19:47:56.003986,0 days 00:00:00.014195,28.869105343732862,0.8011411090883136,0.597808905406389,COMPLETE
75,-7.246718098604553,2026-01-17 19:47:56.004432,2026-01-17 19:47:56.018919,0 days 00:00:00.014487,30.845281224933764,0.9563275804503084,1.1575021003907782,COMPLETE
76,-7.228009850629698,2026-01-17 19:47:56.019644,2026-01-17 19:47:56.035113,0 days 00:00:00.015469,33.59258780647556,0.8687209908450624,0.9081549304727641,COMPLETE
77,-7.289895446972234,2026-01-17 19:47:56.035620,2026-01-17 19:47:56.049564,0 days 00:00:00.013944,27.548666294126868,0.914452706945278,0.5090003581212816,COMPLETE
78,-7.2862685276522985,2026-01-17 19:47:56.050112,2026-01-17 19:47:56.064466,0 days 00:00:00.014354,50.69941243746375,0.7624781681976929,1.0241373068515243,COMPLETE
79,-7.767366119846142,2026-01-17 19:47:56.065039,2026-01-17 19:47:56.079854,0 days 00:00:00.014815,25.716569136393446,0.9816346868226871,2.8191809859524897,COMPLETE
80,-7.1961828705056305,2026-01-17 19:47:56.080399,2026-01-17 19:47:56.094485,0 days 00:00:00.014086,32.70121458948442,1.0297053046573938,0.7774953014479404,COMPLETE
81,-7.195181431308558,2026-01-17 19:47:56.094972,2026-01-17 19:47:56.109626,0 days 00:00:00.014654,32.75552698165577,1.0427261324968036,0.7646784140471499,COMPLETE
82,-7.194817950410358,2026-01-17 19:47:56.110137,2026-01-17 19:47:56.124337,0 days 00:00:00.014200,32.207340183318244,1.0607650911191928,0.7699627733565132,COMPLETE
83,-7.204968274284761,2026-01-17 19:47:56.125123,2026-01-17 19:47:56.139218,0 days 00:00:00.014095,30.234573427158292,1.0619966519369948,0.8636092540567433,COMPLETE
84,-7.193111159199553,2026-01-17 19:47:56.139723,2026-01-17 19:47:56.154744,0 days 00:00:00.015021,31.852133045687882,0.9751126924538684,0.6302825251488946,COMPLETE
85,-7.191543753500184,2026-01-17 19:47:56.155279,2026-01-17 19:47:56.169482,0 days 00:00:00.014203,34.57447682137096,0.9900193106124622,0.5993973957221224,COMPLETE
86,-7.194943545742158,2026-01-17 19:47:56.170111,2026-01-17 19:47:56.185635,0 days 00:00:00.015524,34.72648358969147,0.9333352819297337,0.577438829175401,COMPLETE
87,-7.229297324054123,2026-01-17 19:47:56.186202,2026-01-17 19:47:56.200537,0 days 00:00:00.014335,31.902508621088543,0.9830236122680791,0.9403351542996803,COMPLETE
88,-7.188375514724444,2026-01-17 19:47:56.201134,2026-01-17 19:47:56.216898,0 days 00:00:00.015764,33.65891648983711,0.9024372799645581,0.6038796483813488,COMPLETE
89,-7.194745910549642,2026-01-17 19:47:56.217454,2026-01-17 19:47:56.232574,0 days 00:00:00.015120,34.17617481473984,0.8880777660343462,0.6566644280768091,COMPLETE
90,-7.195746681222333,2026-01-17 19:47:56.233127,2026-01-17 19:47:56.248627,0 days 00:00:00.015500,36.90402304172109,0.8140986017214656,0.5962101290132004,COMPLETE
91,-7.571748161717698,2026-01-17 19:47:56.249208,2026-01-17 19:47:56.264041,0 days 00:00:00.014833,33.479485123164835,0.8927147527790169,2.2507174922141604,COMPLETE
92,-7.189955573567753,2026-01-17 19:47:56.264830,2026-01-17 19:47:56.279490,0 days 00:00:00.014660,34.5282880239989,0.8594542987748827,0.6055776206870425,COMPLETE
93,-7.251973106204557,2026-01-17 19:47:56.280108,2026-01-17 19:47:56.294317,0 days 00:00:00.014209,35.239186238932874,0.8492943059339142,0.5051902834387321,COMPLETE
94,-7.199341111102234,2026-01-17 19:47:56.294819,2026-01-17 19:47:56.309091,0 days 00:00:00.014272,36.311762231889716,0.9578604284054533,0.6343504583929835,COMPLETE
95,-7.22826604408022,2026-01-17 19:47:56.309791,2026-01-17 19:47:56.324221,0 days 00:00:00.014430,38.31592798369006,0.7664348131317592,0.8518984699753451,COMPLETE
96,-7.194800296893108,2026-01-17 19:47:56.324884,2026-01-17 19:47:56.339168,0 days 00:00:00.014284,31.25209174325222,0.9208421264117541,0.7403039193053258,COMPLETE
97,-7.238728271293944,2026-01-17 19:47:56.339720,2026-01-17 19:47:56.353873,0 days 00:00:00.014153,33.25475252394828,0.9953084018683516,1.0919390731979388,COMPLETE
98,-7.264584164866633,2026-01-17 19:47:56.354391,2026-01-17 19:47:56.368573,0 days 00:00:00.014182,28.543710312931108,0.8681828407891211,0.559165763592526,COMPLETE
99,-7.195176451948673,2026-01-17 19:47:56.369045,2026-01-17 19:47:56.384456,0 days 00:00:00.015411,34.61656046757197,0.9653410743353237,0.6435699953727664,COMPLETE
100,-7.2488688879726055,2026-01-17 19:47:56.385030,2026-01-17 19:47:56.399448,0 days 00:00:00.014418,30.113771165939937,0.3946700535234513,1.0367113680562345,COMPLETE
101,-7.193460990403348,2026-01-17 19:47:56.399967,2026-01-17 19:47:56.414057,0 days 00:00:00.014090,34.176773784289125,0.8850862066229799,0.6484982475998828,COMPLETE
102,-7.197670898756011,2026-01-17 19:47:56.414587,2026-01-17 19:47:56.430277,0 days 00:00:00.015690,35.83353875413525,0.9368314892746673,0.7215912154628014,COMPLETE
103,-7.208868490552045,2026-01-17 19:47:56.430782,2026-01-17 19:47:56.445428,0 days 00:00:00.014646,33.94946528406052,0.8279079653270173,0.8503426578975016,COMPLETE
104,-7.2420308884806515,2026-01-17 19:47:56.446024,2026-01-17 19:47:56.460872,0 days 00:00:00.014848,56.16194148777787,0.9009631710997968,0.5593304172948548,COMPLETE
105,-7.238764895259484,2026-01-17 19:47:56.461575,2026-01-17 19:47:56.475968,0 days 00:00:00.014393,39.000799520877756,1.001673552924972,0.9317558007603768,COMPLETE
106,-7.189902158904975,2026-01-17 19:47:56.476492,2026-01-17 19:47:56.491728,0 days 00:00:00.015236,32.908838229721184,0.8621529917146341,0.6494359919423586,COMPLETE
107,-7.197704523512634,2026-01-17 19:47:56.492419,2026-01-17 19:47:56.508591,0 days 00:00:00.016172,37.12650493462223,0.7773289574759076,0.624883856912366,COMPLETE
108,-7.302068318746002,2026-01-17 19:47:56.509232,2026-01-17 19:47:56.525037,0 days 00:00:00.015805,32.070207441182475,0.483924454613231,0.504390556771886,COMPLETE
109,-7.2032865220195434,2026-01-17 19:47:56.525578,2026-01-17 19:47:56.539917,0 days 00:00:00.014339,35.5831241502288,0.7297063852535471,0.6752435709089328,COMPLETE
110,-7.201503561660178,2026-01-17 19:47:56.540465,2026-01-17 19:47:56.555630,0 days 00:00:00.015165,29.704622785530763,0.8584572398049208,0.8299696247208483,COMPLETE
111,-7.195668400700006,2026-01-17 19:47:56.556142,2026-01-17 19:47:56.570539,0 days 00:00:00.014397,33.24659096832741,0.9473354435888237,0.7308763187003569,COMPLETE
112,-7.200196846320104,2026-01-17 19:47:56.571255,2026-01-17 19:47:56.585991,0 days 00:00:00.014736,31.245489449647515,0.9101081029759654,0.8059498656430691,COMPLETE
113,-7.190430260077863,2026-01-17 19:47:56.586571,2026-01-17 19:47:56.601152,0 days 00:00:00.014581,34.845407423097974,0.8120272579630748,0.6015273364119926,COMPLETE
114,-7.195347630428957,2026-01-17 19:47:56.601722,2026-01-17 19:47:56.616410,0 days 00:00:00.014688,34.62092234665622,0.805354660046325,0.5837545654115542,COMPLETE
115,-7.201347402764857,2026-01-17 19:47:56.616909,2026-01-17 19:47:56.631454,0 days 00:00:00.014545,37.70911458965798,0.8776077283895218,0.6313452951424172,COMPLETE
116,-7.209726472145979,2026-01-17 19:47:56.631965,2026-01-17 19:47:56.646468,0 days 00:00:00.014503,27.525812463289657,0.833247399683442,0.6986733146451977,COMPLETE
117,-7.226688521062219,2026-01-17 19:47:56.647018,2026-01-17 19:47:56.661561,0 days 00:00:00.014543,28.841395949442543,0.7857379667887893,0.9714243449353299,COMPLETE
118,-7.222175610143884,2026-01-17 19:47:56.662124,2026-01-17 19:47:56.676541,0 days 00:00:00.014417,32.21923760683943,0.9109481492091634,0.5605045220835435,COMPLETE
119,-7.224092848549037,2026-01-17 19:47:56.677101,2026-01-17 19:47:56.692430,0 days 00:00:00.015329,36.57319325788438,0.6924366575843668,0.8620835569220566,COMPLETE
120,-7.191738559667305,2026-01-17 19:47:56.692978,2026-01-17 19:47:56.707085,0 days 00:00:00.014107,30.597761113644964,0.655617218436031,0.7523667031316768,COMPLETE
121,-7.19220436987577,2026-01-17 19:47:56.707630,2026-01-17 19:47:56.721877,0 days 00:00:00.014247,30.443676374451126,0.8515626434191008,0.7559804741837133,COMPLETE
122,-7.188143645483538,2026-01-17 19:47:56.722473,2026-01-17 19:47:56.737147,0 days 00:00:00.014674,30.747322060812383,0.7414765480818679,0.6795917152610926,COMPLETE
123,-7.295262499455279,2026-01-17 19:47:56.737827,2026-01-17 19:47:56.752294,0 days 00:00:00.014467,30.60292495706779,0.670607120592541,0.5020809278963317,COMPLETE
124,-7.207885808055076,2026-01-17 19:47:56.752801,2026-01-17 19:47:56.767053,0 days 00:00:00.014252,28.17386697883522,0.6193864628602849,0.887577734669764,COMPLETE
125,-7.191999316437078,2026-01-17 19:47:56.767827,2026-01-17 19:47:56.782869,0 days 00:00:00.015042,26.50461716148849,0.7445945045414954,0.7781078579660947,COMPLETE
126,-7.203908821028857,2026-01-17 19:47:56.783513,2026-01-17 19:47:56.798292,0 days 00:00:00.014779,25.027028888536265,0.7328786940735621,0.7750631980064889,COMPLETE
127,-7.218960821458421,2026-01-17 19:47:56.798856,2026-01-17 19:47:56.813658,0 days 00:00:00.014802,29.766047117587068,0.6607524190156303,0.9342200809554975,COMPLETE
128,-7.974100069339814,2026-01-17 19:47:56.814208,2026-01-17 19:47:56.829691,0 days 00:00:00.015483,26.57256999032942,0.572640102981951,3.430895198294692,COMPLETE
129,-7.2092472089430375,2026-01-17 19:47:56.830210,2026-01-17 19:47:56.845396,0 days 00:00:00.015186,26.84021565243693,0.7428610593416104,0.7101024746314156,COMPLETE
130,-7.2338621166219665,2026-01-17 19:47:56.846023,2026-01-17 19:47:56.860394,0 days 00:00:00.014371,28.108191072202214,0.8098622827566104,1.0125894476414026,COMPLETE
131,-7.222525592918221,2026-01-17 19:47:56.860885,2026-01-17 19:47:56.875597,0 days 00:00:00.014712,29.29188854843023,0.7042245201657954,0.6043267607252292,COMPLETE
132,-7.200225381414905,2026-01-17 19:47:56.876093,2026-01-17 19:47:56.890608,0 days 00:00:00.014515,31.286099147736252,0.843404823685834,0.7966491634081306,COMPLETE
133,-7.19089868807545,2026-01-17 19:47:56.891104,2026-01-17 19:47:56.906061,0 days 00:00:00.014957,30.61632773790801,0.7496438051893225,0.6592115333311541,COMPLETE
134,-7.18674817664081,2026-01-17 19:47:56.906596,2026-01-17 19:47:56.921029,0 days 00:00:00.014433,30.40434540962617,0.648214582044035,0.6994732797011725,COMPLETE
135,-7.208049595596814,2026-01-17 19:47:56.921570,2026-01-17 19:47:56.936308,0 days 00:00:00.014738,27.614881600335423,0.6635948689479315,0.6869212525493501,COMPLETE
136,-7.244121008285525,2026-01-17 19:47:56.936881,2026-01-17 19:47:56.952556,0 days 00:00:00.015675,28.954633233498605,0.5961167663571949,0.587751741631114,COMPLETE
137,-7.189134433425086,2026-01-17 19:47:56.953342,2026-01-17 19:47:56.967542,0 days 00:00:00.014200,26.132234700565615,0.6855019173646435,0.8325411050292932,COMPLETE
138,-7.189634509145426,2026-01-17 19:47:56.968325,2026-01-17 19:47:56.983966,0 days 00:00:00.015641,32.59075767162047,0.6328421872937678,0.6775075643096446,COMPLETE
139,-7.286410883156489,2026-01-17 19:47:56.984626,2026-01-17 19:47:57.001518,0 days 00:00:00.016892,33.18421600252252,0.6358920023413013,0.5029053079538411,COMPLETE
140,-7.187757837648789,2026-01-17 19:47:57.002112,2026-01-17 19:47:57.017171,0 days 00:00:00.015059,32.53946077035066,0.5267455036745532,0.6731130952564545,COMPLETE
141,-7.188532727298208,2026-01-17 19:47:57.017707,2026-01-17 19:47:57.033150,0 days 00:00:00.015443,32.26846855847843,0.5183022192600771,0.683531233601008,COMPLETE
142,-7.1819415392118575,2026-01-17 19:47:57.033731,2026-01-17 19:47:57.048643,0 days 00:00:00.014912,32.457335864282264,0.5620214994740943,0.6569993388349401,COMPLETE
143,-7.189506397475594,2026-01-17 19:47:57.049200,2026-01-17 19:47:57.064458,0 days 00:00:00.015258,32.763208427896444,0.49268309295942203,0.6761555169786793,COMPLETE
144,-7.216378729780355,2026-01-17 19:47:57.065084,2026-01-17 19:47:57.080389,0 days 00:00:00.015305,32.64476749986381,0.46269103693572183,0.8378441837298951,COMPLETE
145,-7.186123843880168,2026-01-17 19:47:57.081042,2026-01-17 19:47:57.096126,0 days 00:00:00.015084,31.562493580706196,0.5263318919022786,0.6871510446472286,COMPLETE
146,-7.183054676148489,2026-01-17 19:47:57.096813,2026-01-17 19:47:57.111707,0 days 00:00:00.014894,31.636905207100142,0.5630798650707938,0.6692499299651302,COMPLETE
147,-7.187288521380398,2026-01-17 19:47:57.112432,2026-01-17 19:47:57.127300,0 days 00:00:00.014868,31.792436117387528,0.5175324447045518,0.6889509055381845,COMPLETE
148,-7.190718521607114,2026-01-17 19:47:57.127939,2026-01-17 19:47:57.142694,0 days 00:00:00.014755,31.751750298297374,0.5101305678614418,0.7259227102019294,COMPLETE
149,-7.184349581623681,2026-01-17 19:47:57.143330,2026-01-17 19:47:57.158228,0 days 00:00:00.014898,32.321733163459974,0.5346028884406812,0.6664716634995058,COMPLETE
150,-7.229221145637595,2026-01-17 19:47:57.158709,2026-01-17 19:47:57.173032,0 days 00:00:00.014323,32.37802995484947,0.5420665907306014,0.9092245660209354,COMPLETE
151,-7.184065229225885,2026-01-17 19:47:57.173714,2026-01-17 19:47:57.187865,0 days 00:00:00.014151,31.418522070247096,0.5150840197526948,0.6782954138785752,COMPLETE
152,-7.185822697823016,2026-01-17 19:47:57.188444,2026-01-17 19:47:57.202712,0 days 00:00:00.014268,31.677063118973777,0.5158903713745597,0.6830393765816211,COMPLETE
153,-7.187277700410183,2026-01-17 19:47:57.203237,2026-01-17 19:47:57.217465,0 days 00:00:00.014228,31.4443119077253,0.5007411094968628,0.7038024486626469,COMPLETE
154,-7.188482076518485,2026-01-17 19:47:57.218123,2026-01-17 19:47:57.232609,0 days 00:00:00.014486,31.55266360028432,0.5058096853328916,0.710257380706543,COMPLETE
155,-7.212068438924183,2026-01-17 19:47:57.233199,2026-01-17 19:47:57.247562,0 days 00:00:00.014363,31.48806872382054,0.513195867528341,0.8368940946467155,COMPLETE
156,-7.187735621955578,2026-01-17 19:47:57.248116,2026-01-17 19:47:57.262747,0 days 00:00:00.014631,31.45937798300907,0.5558662936405406,0.703395577689105,COMPLETE
157,-7.261185799842681,2026-01-17 19:47:57.263298,2026-01-17 19:47:57.277935,0 days 00:00:00.014637,31.220229496221293,0.43430585553062045,0.553420097269903,COMPLETE
158,-7.184800466550206,2026-01-17 19:47:57.278472,2026-01-17 19:47:57.292959,0 days 00:00:00.014487,29.8568746225894,0.555842292781325,0.7133452281991901,COMPLETE
159,-7.388529402042903,2026-01-17 19:47:57.293515,2026-01-17 19:47:57.309188,0 days 00:00:00.015673,29.886834117796102,0.558782063199064,1.8183265088336227,COMPLETE
160,-7.190052743655878,2026-01-17 19:47:57.309831,2026-01-17 19:47:57.325553,0 days 00:00:00.015722,31.70597045221072,0.5791936990720703,0.7107418418846536,COMPLETE
161,-7.1867722588928915,2026-01-17 19:47:57.326123,2026-01-17 19:47:57.340739,0 days 00:00:00.014616,30.939402111929514,0.5473972983844791,0.7109566670536507,COMPLETE
162,-7.184896241081728,2026-01-17 19:47:57.341260,2026-01-17 19:47:57.356634,0 days 00:00:00.015374,31.059108781657915,0.5466729635628347,0.6911785930499393,COMPLETE
163,-7.18710782423909,2026-01-17 19:47:57.357155,2026-01-17 19:47:57.372011,0 days 00:00:00.014856,30.736888693191467,0.5425181301783486,0.7188189743053177,COMPLETE
164,-7.212157131943188,2026-01-17 19:47:57.372568,2026-01-17 19:47:57.387404,0 days 00:00:00.014836,29.45231961220654,0.5468138463242324,0.8808745938783272,COMPLETE
165,-7.689993100185492,2026-01-17 19:47:57.387982,2026-01-17 19:47:57.402433,0 days 00:00:00.014451,30.902275172019632,0.4626623687730945,2.6419253484725904,COMPLETE
166,-7.251464917130052,2026-01-17 19:47:57.402981,2026-01-17 19:47:57.417703,0 days 00:00:00.014722,30.484511529253634,0.6011738723471262,0.5646750943922351,COMPLETE
167,-7.196496946285514,2026-01-17 19:47:57.418261,2026-01-17 19:47:57.432955,0 days 00:00:00.014694,30.056676079640244,0.5852249100322794,0.6397308282454619,COMPLETE
168,-7.2050175149848155,2026-01-17 19:47:57.433482,2026-01-17 19:47:57.447924,0 days 00:00:00.014442,31.01403212120556,0.5333885080038567,0.798590095379978,COMPLETE
169,-7.2467580384430885,2026-01-17 19:47:57.448454,2026-01-17 19:47:57.463235,0 days 00:00:00.014781,33.62200088471921,0.47097780363752567,0.5507572775389491,COMPLETE
170,-7.237926104460956,2026-01-17 19:47:57.464006,2026-01-17 19:47:57.478739,0 days 00:00:00.014733,48.22953109872542,0.5641332118208241,0.7130197474828903,COMPLETE
171,-7.1955245121361315,2026-01-17 19:47:57.479287,2026-01-17 19:47:57.495002,0 days 00:00:00.015715,31.73545698414617,0.49778214045320013,0.7479336661466519,COMPLETE
172,-7.195996204266175,2026-01-17 19:47:57.495491,2026-01-17 19:47:57.510534,0 days 00:00:00.015043,31.373297499302957,0.4292804645997719,0.6361792214396947,COMPLETE
173,-7.187613959168249,2026-01-17 19:47:57.511091,2026-01-17 19:47:57.525561,0 days 00:00:00.014470,30.196095195893353,0.5305860571308716,0.7405772473280807,COMPLETE
174,-7.206078796879558,2026-01-17 19:47:57.526116,2026-01-17 19:47:57.540710,0 days 00:00:00.014594,30.379396643074884,0.5312973460439373,0.8179259208781213,COMPLETE
175,-7.216464277110158,2026-01-17 19:47:57.541477,2026-01-17 19:47:57.556568,0 days 00:00:00.015091,29.905009862372744,0.5533735880662767,0.9016964431571993,COMPLETE
176,-7.549355725619907,2026-01-17 19:47:57.557147,2026-01-17 19:47:57.581816,0 days 00:00:00.024669,32.159739041244684,0.5269832792348237,2.2247397471531603,COMPLETE
177,-7.189046966980284,2026-01-17 19:47:57.582408,2026-01-17 19:47:57.597189,0 days 00:00:00.014781,30.899734962386077,0.48122840184798465,0.6505084676208617,COMPLETE
178,-7.2601777996510135,2026-01-17 19:47:57.597817,2026-01-17 19:47:57.612377,0 days 00:00:00.014560,29.735359828755964,0.5682681516288358,0.5617165563392026,COMPLETE
179,-7.200100887003008,2026-01-17 19:47:57.612968,2026-01-17 19:47:57.627383,0 days 00:00:00.014415,33.61643890438533,0.5969414927940394,0.7439173846751107,COMPLETE
180,-7.181638702346538,2026-01-17 19:47:57.627903,2026-01-17 19:47:57.643301,0 days 00:00:00.015398,32.17296115997662,0.5448537538103124,0.6419139271400149,COMPLETE
181,-7.183420343482423,2026-01-17 19:47:57.644040,2026-01-17 19:47:57.658213,0 days 00:00:00.014173,32.26126634801307,0.5455060082586937,0.6377225269855313,COMPLETE
182,-7.189722851318223,2026-01-17 19:47:57.658845,2026-01-17 19:47:57.673818,0 days 00:00:00.014973,32.0092572670815,0.5502266586764383,0.7016735433809222,COMPLETE
183,-7.200475958264438,2026-01-17 19:47:57.674332,2026-01-17 19:47:57.690390,0 days 00:00:00.016058,30.64711488460253,0.5355496798052213,0.784586125307272,COMPLETE
184,-7.184488206058097,2026-01-17 19:47:57.691052,2026-01-17 19:47:57.706100,0 days 00:00:00.015048,32.777990909260964,0.5033987575104799,0.6347542621196332,COMPLETE
185,-7.2797316480956455,2026-01-17 19:47:57.706620,2026-01-17 19:47:57.721266,0 days 00:00:00.014646,32.9348273008521,0.45597683976832737,0.5240031774866654,COMPLETE
186,-7.190674088669984,2026-01-17 19:47:57.721751,2026-01-17 19:47:57.736094,0 days 00:00:00.014343,32.05028811290638,0.4965361172565915,0.6322839605477761,COMPLETE
187,-7.293096524877294,2026-01-17 19:47:57.736562,2026-01-17 19:47:57.751415,0 days 00:00:00.014853,32.65279640493842,0.6121232777427327,0.5000445131513293,COMPLETE
188,-7.317528491617395,2026-01-17 19:47:57.751916,2026-01-17 19:47:57.766649,0 days 00:00:00.014733,61.802436870495626,0.5227279278342114,0.746553977148048,COMPLETE
189,-7.203828636861355,2026-01-17 19:47:57.767136,2026-01-17 19:47:57.781799,0 days 00:00:00.014663,28.773066963422327,0.5776904338721115,0.8426230018489036,COMPLETE
190,-7.2153457838976305,2026-01-17 19:47:57.782537,2026-01-17 19:47:57.797510,0 days 00:00:00.014973,31.406266111583875,0.5530139955123338,0.5959502324070687,COMPLETE
191,-7.186801178026774,2026-01-17 19:47:57.798116,2026-01-17 19:47:57.813104,0 days 00:00:00.014988,30.24085274867084,0.5135670494279942,0.6748904093786212,COMPLETE
192,-7.191133119221017,2026-01-17 19:47:57.813841,2026-01-17 19:47:57.828289,0 days 00:00:00.014448,30.03820963200794,0.5106718560222991,0.6624013222333329,COMPLETE
193,-7.1903417668808505,2026-01-17 19:47:57.829052,2026-01-17 19:47:57.844129,0 days 00:00:00.015077,31.29917017126211,0.482427578671194,0.7353126814598575,COMPLETE
194,-7.2167155763276,2026-01-17 19:47:57.844879,2026-01-17 19:47:57.860223,0 days 00:00:00.015344,29.38017803436956,0.5273537528554679,0.6174927314201815,COMPLETE
195,-7.192968742575974,2026-01-17 19:47:57.860741,2026-01-17 19:47:57.875504,0 days 00:00:00.014763,32.899766269337206,0.5743069057379137,0.6945728475301102,COMPLETE
196,-7.2101397920578645,2026-01-17 19:47:57.876210,2026-01-17 19:47:57.890538,0 days 00:00:00.014328,32.10396234667581,0.4454221768818648,0.790113947794582,COMPLETE
197,-7.229738189629062,2026-01-17 19:47:57.891142,2026-01-17 19:47:57.906034,0 days 00:00:00.014892,30.819957910828588,0.49623606517670615,0.5856584823562577,COMPLETE
198,-7.18717764913402,2026-01-17 19:47:57.906530,2026-01-17 19:47:57.920962,0 days 00:00:00.014432,33.999051844936176,0.5478664916410502,0.6488520714783254,COMPLETE
199,-7.809648682399309,2026-01-17 19:47:57.921760,2026-01-17 19:47:57.936424,0 days 00:00:00.014664,45.26636702406202,0.552039072413811,3.090254466416136,COMPLETE
