mean_fit_time,std_fit_time,mean_score_time,std_score_time,param_C,param_epsilon,param_gamma,param_kernel,params,split0_test_score,split1_test_score,split2_test_score,split3_test_score,split4_test_score,mean_test_score,std_test_score,rank_test_score
0.002431440353393555,5.5532063196687923e-05,0.0005642414093017578,7.969439781967889e-05,30.544368568805915,1.1685918023174644,0.7626760873479397,rbf,"{'C': np.float64(30.544368568805915), 'epsilon': np.float64(1.1685918023174644), 'gamma': np.float64(0.7626760873479397), 'kernel': 'rbf'}",-9.771267647345189,-10.736636527812207,-9.562735326446441,-8.892705976679501,-10.015982788613972,-9.795865653379462,0.6006918684747341,186
0.0047301769256591795,0.0004971292406330805,0.0007222652435302735,0.00010880809602771665,55.917440111132564,0.9864628562853854,1.8710736566524093,rbf,"{'C': np.float64(55.917440111132564), 'epsilon': np.float64(0.9864628562853854), 'gamma': np.float64(1.8710736566524093), 'kernel': 'rbf'}",-8.026619434228552,-9.299623128903184,-9.010150208474851,-8.052116572113453,-8.349154802780733,-8.547532829300154,0.5168745559083137,125
0.0047838687896728516,0.0006051072367908957,0.0008852958679199218,0.00016466371182689913,49.38982855222724,0.9360851304183756,3.579774312657503,rbf,"{'C': np.float64(49.38982855222724), 'epsilon': np.float64(0.9360851304183756), 'gamma': np.float64(3.579774312657503), 'kernel': 'rbf'}",-7.531600854962365,-8.585888264798786,-8.428450364370994,-7.584580895936262,-7.947581653858624,-8.015620406785407,0.4290298968890549,57
0.004099702835083008,0.000502015025238115,0.0007727146148681641,0.00017230456443068808,55.39505046365463,0.37931528185170343,3.585760480369614,rbf,"{'C': np.float64(55.39505046365463), 'epsilon': np.float64(0.37931528185170343), 'gamma': np.float64(3.585760480369614), 'kernel': 'rbf'}",-7.420994073423587,-8.511208989808631,-8.384473113671037,-7.487567005172921,-7.882981323094497,-7.9374449010341355,0.4474633643789605,15
0.005088138580322266,0.0006253074284778713,0.0007317543029785156,0.00021186671799040593,59.55636650543168,0.2161223586799158,1.539834271484537,rbf,"{'C': np.float64(59.55636650543168), 'epsilon': np.float64(0.2161223586799158), 'gamma': np.float64(1.539834271484537), 'kernel': 'rbf'}",-8.471808804170431,-9.729058325876462,-9.192888762015336,-8.614536539074749,-8.58572294243066,-8.918803074713528,0.47643696606169567,137
0.005868721008300781,0.0007693444955409022,0.0009463787078857422,9.951668032108273e-05,62.448642845300625,0.5062468891230603,2.666914899175435,rbf,"{'C': np.float64(62.448642845300625), 'epsilon': np.float64(0.5062468891230603), 'gamma': np.float64(2.666914899175435), 'kernel': 'rbf'}",-7.411029304057094,-8.619232390127948,-8.506988803405905,-7.443682995308982,-7.962223455506889,-7.988631389681363,0.5094393645884335,48
0.004534196853637695,0.0004610549899323938,0.0007421493530273438,0.00015130121926367366,41.35235344070652,0.6057733962301912,2.3672560017157958,rbf,"{'C': np.float64(41.35235344070652), 'epsilon': np.float64(0.6057733962301912), 'gamma': np.float64(2.3672560017157958), 'kernel': 'rbf'}",-7.63471359643319,-8.805641432544506,-8.601391179481988,-7.6817404105895575,-8.080101184310701,-8.160717560671987,0.47386038442979905,98
0.0050770282745361325,0.0007500830470482923,0.0008479118347167969,0.0001652587576241068,51.82156407564448,1.19096043418663,2.3367845593764,rbf,"{'C': np.float64(51.82156407564448), 'epsilon': np.float64(1.19096043418663), 'gamma': np.float64(2.3367845593764), 'kernel': 'rbf'}",-7.633802686260791,-8.897362927590914,-8.713036744773124,-7.631338335545591,-8.102823069888291,-8.195672752811742,0.5296842401612348,103
0.004933881759643555,0.0005756222741459809,0.0008231163024902344,0.00016818423087153515,45.648308732025065,0.8519580319227906,3.3867123043649348,rbf,"{'C': np.float64(45.648308732025065), 'epsilon': np.float64(0.8519580319227906), 'gamma': np.float64(3.3867123043649348), 'kernel': 'rbf'}",-7.465897373808618,-8.584980830047062,-8.423104492709921,-7.522476429922587,-7.8768190759652965,-7.974655640490697,0.4574879705105345,42
0.005133342742919922,0.0009483337042701881,0.0008404254913330078,0.00022438960614614906,58.12730433017044,0.5593674382693943,1.0338006273205487,rbf,"{'C': np.float64(58.12730433017044), 'epsilon': np.float64(0.5593674382693943), 'gamma': np.float64(1.0338006273205487), 'kernel': 'rbf'}",-9.220971776893474,-10.526367206306956,-9.301948917082084,-9.171878707561707,-9.217178658408388,-9.487669053250523,0.5210377827930818,170
0.005095529556274414,0.0009451187025868986,0.0008340835571289063,0.0001266216450399559,55.93833733528444,0.4227242523709795,1.013470151193001,rbf,"{'C': np.float64(55.93833733528444), 'epsilon': np.float64(0.4227242523709795), 'gamma': np.float64(1.013470151193001), 'kernel': 'rbf'}",-9.248069787325402,-10.559027613326,-9.343489104754541,-9.151923812164872,-9.24797420619759,-9.51009690475368,0.5279523224737841,173
0.003755331039428711,0.0007778710637033813,0.0009120464324951172,0.0002275947102852532,35.18853050288946,0.5298323142322537,0.9376927478589426,rbf,"{'C': np.float64(35.18853050288946), 'epsilon': np.float64(0.5298323142322537), 'gamma': np.float64(0.9376927478589426), 'kernel': 'rbf'}",-9.484149443977982,-10.650286889554986,-9.278648018530575,-8.86664857401423,-9.554256090623904,-9.566797803340334,0.5923134115687841,177
0.0054034233093261715,0.0007954118706455,0.0008759975433349609,0.00014409521878226843,38.71031010558592,0.3484670678630014,2.0215018248444077,rbf,"{'C': np.float64(38.71031010558592), 'epsilon': np.float64(0.3484670678630014), 'gamma': np.float64(2.0215018248444077), 'kernel': 'rbf'}",-8.026667810734814,-8.950799978614642,-8.74875441455928,-8.126827072767888,-8.2558223928177,-8.421774333898863,0.3626092122822281,120
0.006401729583740234,0.00010239742404559767,0.001058673858642578,6.859159567559527e-05,57.29175983936228,0.8708383410496653,2.4056101759448505,rbf,"{'C': np.float64(57.29175983936228), 'epsilon': np.float64(0.8708383410496653), 'gamma': np.float64(2.4056101759448505), 'kernel': 'rbf'}",-7.549902879508866,-8.80522495702691,-8.642239193511513,-7.546964772592965,-8.074101097176673,-8.123686579963385,0.5287127519807053,92
0.005235195159912109,0.0008189490300873103,0.0010787487030029298,0.00020907368781967242,58.23772440847352,0.37362595076195854,0.9802332260117614,rbf,"{'C': np.float64(58.23772440847352), 'epsilon': np.float64(0.37362595076195854), 'gamma': np.float64(0.9802332260117614), 'kernel': 'rbf'}",-9.28299486752882,-10.624332461700394,-9.384653166174402,-9.195519209497883,-9.287995648306302,-9.55509907064156,0.5379580769948032,175
0.006132316589355469,0.0009021565902005723,0.0008632659912109375,0.00018116407325508322,55.627118495905805,0.9980287173804581,1.70647317986136,rbf,"{'C': np.float64(55.627118495905805), 'epsilon': np.float64(0.9980287173804581), 'gamma': np.float64(1.70647317986136), 'kernel': 'rbf'}",-8.243108872143493,-9.458304291938314,-9.082660255659816,-8.285566055861374,-8.466220859304602,-8.707172066981519,0.4809063861298441,130
0.004988574981689453,0.00044161211174629676,0.0008403301239013672,0.00015392600379264055,41.40418464359099,1.1636561651178094,3.7409631537126713,rbf,"{'C': np.float64(41.40418464359099), 'epsilon': np.float64(1.1636561651178094), 'gamma': np.float64(3.7409631537126713), 'kernel': 'rbf'}",-7.634162831450164,-8.630373819496624,-8.473616507870643,-7.665815354967508,-8.01578247554844,-8.083950197866676,0.40797325099265175,79
0.004913139343261719,0.0007791429487620467,0.0008635520935058594,0.00013502366359726341,29.805017917728676,0.7609592553077887,2.1660044770641766,rbf,"{'C': np.float64(29.805017917728676), 'epsilon': np.float64(0.7609592553077887), 'gamma': np.float64(2.1660044770641766), 'kernel': 'rbf'}",-8.103975243215071,-8.842827040677347,-8.653501391856064,-8.098383964569583,-8.287052727357553,-8.397148073535124,0.30055883020164936,118
0.00501399040222168,0.0003582062939072221,0.0009089469909667969,0.00010016527196419447,56.21764777028332,1.1635327079799072,2.7355204786604954,rbf,"{'C': np.float64(56.21764777028332), 'epsilon': np.float64(1.1635327079799072), 'gamma': np.float64(2.7355204786604954), 'kernel': 'rbf'}",-7.514391850973831,-8.691295156830005,-8.502537775270637,-7.512804412497719,-7.988527095599927,-8.041911258234423,0.4888674429769912,68
0.00527801513671875,0.0002455147706313874,0.001012134552001953,4.3081755653902695e-05,59.37872336134806,1.1612559197159862,3.8498636908847663,rbf,"{'C': np.float64(59.37872336134806), 'epsilon': np.float64(1.1612559197159862), 'gamma': np.float64(3.8498636908847663), 'kernel': 'rbf'}",-7.674812410435282,-8.615445064261083,-8.477697146217473,-7.686734736841843,-8.09137564077322,-8.10921299970578,0.3897592578346663,86
0.005629777908325195,0.0009613168144089895,0.0009344100952148437,0.0001787494161559529,33.10076343271127,0.9315861520997301,2.656105541091365,rbf,"{'C': np.float64(33.10076343271127), 'epsilon': np.float64(0.9315861520997301), 'gamma': np.float64(2.656105541091365), 'kernel': 'rbf'}",-7.607632309963777,-8.737520348178444,-8.417685705605424,-7.718664615509564,-8.037474808316338,-8.103795557514712,0.42403688232381315,85
0.0047534465789794925,0.00034804247816678624,0.0010498523712158202,4.184028016628305e-05,44.505706871160314,0.4580087049682922,0.5304294132409249,rbf,"{'C': np.float64(44.505706871160314), 'epsilon': np.float64(0.4580087049682922), 'gamma': np.float64(0.5304294132409249), 'kernel': 'rbf'}",-9.844120320434302,-11.258070229629181,-9.68356652566719,-9.134855675523838,-10.219419613418063,-10.028006472934514,0.7070879969499904,200
0.00647425651550293,0.0002999462266120906,0.0011020183563232421,5.8050767448188104e-05,39.608571517405174,0.4947323643864585,1.5627432360679423,rbf,"{'C': np.float64(39.608571517405174), 'epsilon': np.float64(0.4947323643864585), 'gamma': np.float64(1.5627432360679423), 'kernel': 'rbf'}",-8.658633003556345,-9.50427996603727,-8.943352978833467,-8.618170483299657,-8.678600636257471,-8.880607413596842,0.3322219071079138,136
0.007631826400756836,0.0033192107646219144,0.0010288238525390625,5.646351995026785e-05,64.73218877284819,0.8316854533852107,3.040357502286522,rbf,"{'C': np.float64(64.73218877284819), 'epsilon': np.float64(0.8316854533852107), 'gamma': np.float64(3.040357502286522), 'kernel': 'rbf'}",-7.418411188899645,-8.573293173981499,-8.449046236473576,-7.482383771027676,-7.941019854867891,-7.972830845050058,0.4767111356227904,40
0.006445980072021485,0.00044775165561650664,0.0011852741241455077,0.00011398000087231501,63.26715776471747,0.27625153717797823,3.0442587437910205,rbf,"{'C': np.float64(63.26715776471747), 'epsilon': np.float64(0.27625153717797823), 'gamma': np.float64(3.0442587437910205), 'kernel': 'rbf'}",-7.324834257267121,-8.491322654432405,-8.407209780456038,-7.434609766563951,-7.87274179188658,-7.90614365012122,0.4806000898360023,4
0.004961204528808594,0.0004168163240155937,0.0010820865631103516,2.367466477879029e-05,38.241242241054294,0.2582527595116486,0.5506861527747846,rbf,"{'C': np.float64(38.241242241054294), 'epsilon': np.float64(0.2582527595116486), 'gamma': np.float64(0.5506861527747846), 'kernel': 'rbf'}",-9.793960989313401,-11.239504215233389,-9.71254887588131,-9.060228682349418,-10.204690126812638,-10.00218657791803,0.7192350372641025,199
0.006291055679321289,0.00010814448090349389,0.0011167049407958985,0.00015191139822403853,29.559958596694113,0.05179594182539121,2.6107381146629165,rbf,"{'C': np.float64(29.559958596694113), 'epsilon': np.float64(0.05179594182539121), 'gamma': np.float64(2.6107381146629165), 'kernel': 'rbf'}",-7.72621540848401,-8.605441349680515,-8.404107697434517,-7.776741188113694,-7.99585398234429,-8.101671925211406,0.3472739685742905,84
0.005093240737915039,0.0005104525319749506,0.0009730339050292968,0.00011324901580794485,36.79523225491644,1.1527971234580685,3.7389035532835813,rbf,"{'C': np.float64(36.79523225491644), 'epsilon': np.float64(1.1527971234580685), 'gamma': np.float64(3.7389035532835813), 'kernel': 'rbf'}",-7.637342218739421,-8.642448996663601,-8.478115916089513,-7.682435857465724,-8.017967925752506,-8.091662182942155,0.4079255473519161,83
0.007592630386352539,0.0033689158745191846,0.0010312557220458984,3.521680501018847e-05,50.90483812060045,1.0255170769779478,3.1172421481032826,rbf,"{'C': np.float64(50.90483812060045), 'epsilon': np.float64(1.0255170769779478), 'gamma': np.float64(3.1172421481032826), 'kernel': 'rbf'}",-7.465201872425374,-8.613192746754118,-8.456307707886861,-7.5264658595758815,-7.89890902950478,-7.992015443229403,0.4699715538061652,49
0.006365919113159179,0.0016744290669866975,0.0010477542877197266,2.9166145391339367e-05,63.351885637927495,0.6943445339492639,0.6210705880442651,rbf,"{'C': np.float64(63.351885637927495), 'epsilon': np.float64(0.6943445339492639), 'gamma': np.float64(0.6210705880442651), 'kernel': 'rbf'}",-9.697087684399849,-11.208283533049231,-9.540302078625977,-9.156174507613166,-9.952968364835888,-9.910963233704823,0.6982324618123047,195
0.006927585601806641,0.002500849108558801,0.0010842323303222657,0.00021644297810576008,50.285961492057105,0.6603979776753534,3.3613950847467016,rbf,"{'C': np.float64(50.285961492057105), 'epsilon': np.float64(0.6603979776753534), 'gamma': np.float64(3.3613950847467016), 'kernel': 'rbf'}",-7.415004697988314,-8.549682911300582,-8.413915863852939,-7.485444945223799,-7.857018171855974,-7.944213318044322,0.46590709092216637,19
0.005873346328735351,0.0011489139705719955,0.0017462730407714843,0.0017255910643878436,55.1910315473503,0.6891916681901064,2.8968308909696288,rbf,"{'C': np.float64(55.1910315473503), 'epsilon': np.float64(0.6891916681901064), 'gamma': np.float64(2.8968308909696288), 'kernel': 'rbf'}",-7.409337932235921,-8.593171469051867,-8.444473234228953,-7.477884249583901,-7.899025640741237,-7.9647785051683755,0.48474497119781396,34
0.005964899063110351,0.0005431789684955156,0.0010864734649658203,3.200604036700562e-05,44.14351685716778,0.2283604252992124,3.87261237315667,rbf,"{'C': np.float64(44.14351685716778), 'epsilon': np.float64(0.2283604252992124), 'gamma': np.float64(3.87261237315667), 'kernel': 'rbf'}",-7.470131999696873,-8.527209307194681,-8.3938514015631,-7.544455238623549,-7.875703907544471,-7.962270370924534,0.4312033398566225,32
0.004792118072509765,0.0009709790408177901,0.001054239273071289,0.0002367168924387926,27.034041877130967,0.06610385443281355,1.2712420184487714,rbf,"{'C': np.float64(27.034041877130967), 'epsilon': np.float64(0.06610385443281355), 'gamma': np.float64(1.2712420184487714), 'kernel': 'rbf'}",-9.202621396169317,-10.125487886829854,-9.135275862579393,-8.733350335610696,-9.132672999249895,-9.265881696087831,0.46072047040675634,154
0.005120325088500977,0.00040589073540902974,0.001119518280029297,0.00012168278873415712,28.199168732807053,0.6416230852396182,1.3290908138319957,rbf,"{'C': np.float64(28.199168732807053), 'epsilon': np.float64(0.6416230852396182), 'gamma': np.float64(1.3290908138319957), 'kernel': 'rbf'}",-9.151822397913564,-9.948300909080276,-9.070278995162207,-8.696316248736009,-9.080155589456217,-9.189374828069656,0.4114847272019943,153
0.007154035568237305,0.000252538217103735,0.0011548995971679688,9.03858637773516e-05,46.231163939715,0.17598273148324356,2.211152910813998,rbf,"{'C': np.float64(46.231163939715), 'epsilon': np.float64(0.17598273148324356), 'gamma': np.float64(2.211152910813998), 'kernel': 'rbf'}",-7.704481768990696,-8.858569867806969,-8.702600030875336,-7.788177006900325,-8.116622567828845,-8.234090248480436,0.46959527845060556,106
0.005697393417358398,0.00035150495430113,0.0011421680450439454,5.6549067311973795e-05,43.8786632576018,0.22547111014205024,0.914290454888185,rbf,"{'C': np.float64(43.8786632576018), 'epsilon': np.float64(0.22547111014205024), 'gamma': np.float64(0.914290454888185), 'kernel': 'rbf'}",-9.39562640340709,-10.744960442233214,-9.374926415788098,-8.983171466637051,-9.433697577302805,-9.586476461073653,0.6017608502409195,178
0.009224033355712891,0.003085509910704071,0.0013964653015136718,0.0003139633741166409,39.17471660718992,0.4713472404945863,1.6384978746308005,rbf,"{'C': np.float64(39.17471660718992), 'epsilon': np.float64(0.4713472404945863), 'gamma': np.float64(1.6384978746308005), 'kernel': 'rbf'}",-8.550314324351877,-9.393129832337172,-8.901382636396624,-8.539285409147702,-8.607065514077016,-8.798235543262077,0.3254549495087326,135
0.006084442138671875,0.00013493185687821704,0.0016211986541748047,0.0010822225213448701,51.21038393744878,0.846778454196345,3.3403197305270487,rbf,"{'C': np.float64(51.21038393744878), 'epsilon': np.float64(0.846778454196345), 'gamma': np.float64(3.3403197305270487), 'kernel': 'rbf'}",-7.450402662828069,-8.57287711988112,-8.423356545527287,-7.509250959934043,-7.8892014900935195,-7.969017755652809,0.4599538291937076,38
0.007788372039794922,0.002610823603137931,0.002191305160522461,0.0021833630713937635,42.0219583763717,0.9017089875942964,1.478264916332119,rbf,"{'C': np.float64(42.0219583763717), 'epsilon': np.float64(0.9017089875942964), 'gamma': np.float64(1.478264916332119), 'kernel': 'rbf'}",-8.737124021930303,-9.63468572466209,-8.995701363918693,-8.724148762106763,-8.80766225667232,-8.979864425858034,0.34146997918809324,141
0.007230710983276367,0.00205761826720094,0.0011396408081054688,7.654209312796895e-05,37.99406309738564,0.8300221251269306,2.8882923102034104,rbf,"{'C': np.float64(37.99406309738564), 'epsilon': np.float64(0.8300221251269306), 'gamma': np.float64(2.8882923102034104), 'kernel': 'rbf'}",-7.465416939796405,-8.677287440950517,-8.38940068754497,-7.543650142760384,-7.910672678962836,-7.997285578003021,0.47166257927438787,53
0.005821990966796875,0.00023449949718015828,0.001102447509765625,7.075498647568237e-05,32.33382215159179,0.6491025484286163,3.3468341420580057,rbf,"{'C': np.float64(32.33382215159179), 'epsilon': np.float64(0.6491025484286163), 'gamma': np.float64(3.3468341420580057), 'kernel': 'rbf'}",-7.423776868388039,-8.607495398960554,-8.361761257387997,-7.568571476196448,-7.877887689213988,-7.967898538029405,0.4533970517776766,37
0.007253122329711914,0.00038115340469287466,0.001211404800415039,0.00012320433194907296,57.79364045725332,0.05879757771384256,1.1027986222201402,rbf,"{'C': np.float64(57.79364045725332), 'epsilon': np.float64(0.05879757771384256), 'gamma': np.float64(1.1027986222201402), 'kernel': 'rbf'}",-9.170372110876071,-10.427775062070195,-9.293647429934966,-9.137198982269979,-9.144509151986362,-9.434700547427514,0.4997360749868191,167
0.005591726303100586,0.0001561156845538282,0.0011088848114013672,5.585002924411033e-05,27.974611721285513,0.2557079538748529,1.4576270136204081,rbf,"{'C': np.float64(27.974611721285513), 'epsilon': np.float64(0.2557079538748529), 'gamma': np.float64(1.4576270136204081), 'kernel': 'rbf'}",-8.98492520370799,-9.768682508536132,-8.99125953151359,-8.599845539471586,-8.925367199464851,-9.05401599653883,0.3853002600539221,146
0.008681154251098633,0.0033415405847155746,0.0012117862701416016,0.00018604042344258736,50.826241769087176,0.05272361009627591,3.8221855159731493,rbf,"{'C': np.float64(50.826241769087176), 'epsilon': np.float64(0.05272361009627591), 'gamma': np.float64(3.8221855159731493), 'kernel': 'rbf'}",-7.422278553789286,-8.492830535831903,-8.370707451921913,-7.504151549449425,-7.865711772859136,-7.931135972770332,0.4368651425786217,11
0.005179595947265625,0.0005529837864333546,0.0009332656860351563,0.0002558689085369745,52.0678954598331,0.585165050322048,3.9065910539275706,rbf,"{'C': np.float64(52.0678954598331), 'epsilon': np.float64(0.585165050322048), 'gamma': np.float64(3.9065910539275706), 'kernel': 'rbf'}",-7.561927085675442,-8.565646921948053,-8.42441282873529,-7.613057301007408,-7.986919675480308,-8.030392762569301,0.4092108783694423,64
0.005276536941528321,0.00029449991761286366,0.0010909080505371095,7.241955608001594e-05,44.767725792353275,0.08594337956366428,0.6553101975956133,rbf,"{'C': np.float64(44.767725792353275), 'epsilon': np.float64(0.08594337956366428), 'gamma': np.float64(0.6553101975956133), 'kernel': 'rbf'}",-9.742932599552258,-11.029774280404103,-9.64459619610641,-9.029418803918759,-9.963717227522142,-9.882087821500733,0.6521745884883496,193
0.005963802337646484,0.00014873551539611052,0.001052522659301758,3.0216806143773192e-05,58.76214349936754,0.5780573556038598,0.9979258012602326,rbf,"{'C': np.float64(58.76214349936754), 'epsilon': np.float64(0.5780573556038598), 'gamma': np.float64(0.9979258012602326), 'kernel': 'rbf'}",-9.258645026329306,-10.590132555258169,-9.331126889401835,-9.191620675031283,-9.258753252394412,-9.526055679683001,0.5338656475017112,174
0.00576324462890625,0.00012469409300211166,0.0011001110076904296,4.1155052432127916e-05,29.426991908003956,0.3190374359914638,3.5904964489882265,rbf,"{'C': np.float64(29.426991908003956), 'epsilon': np.float64(0.3190374359914638), 'gamma': np.float64(3.5904964489882265), 'kernel': 'rbf'}",-7.436176659072469,-8.56253968416949,-8.339947197012169,-7.59240335799072,-7.874418202324737,-7.961097020113916,0.42994193888503823,30
0.005694818496704101,0.00017095309739396163,0.0010528564453125,3.714956255244179e-05,27.238470126124913,0.761934598074625,2.2641632569310803,rbf,"{'C': np.float64(27.238470126124913), 'epsilon': np.float64(0.761934598074625), 'gamma': np.float64(2.2641632569310803), 'kernel': 'rbf'}",-8.096945679427563,-8.800188965823569,-8.60288452652452,-8.056442601480962,-8.257250352310361,-8.362742425113396,0.2914185218026363,114
0.006435203552246094,0.0010355294877272242,0.0013080120086669921,0.00047575583399083886,57.288975026243406,0.8062336741947314,3.2019091077119315,rbf,"{'C': np.float64(57.288975026243406), 'epsilon': np.float64(0.8062336741947314), 'gamma': np.float64(3.2019091077119315), 'kernel': 'rbf'}",-7.4209901952233155,-8.565526922616137,-8.433390545510472,-7.488173614587866,-7.900751448178618,-7.9617665452232815,0.4706183076955149,31
0.00736541748046875,0.0010440500708682023,0.0011844635009765625,0.0001446452332199713,54.02657936157375,0.7145041619867202,2.3393246303163973,rbf,"{'C': np.float64(54.02657936157375), 'epsilon': np.float64(0.7145041619867202), 'gamma': np.float64(2.3393246303163973), 'kernel': 'rbf'}",-7.571953718260351,-8.837628620737428,-8.699479996583339,-7.575091053402099,-8.068006132984726,-8.150431904393589,0.5377994512706232,94
0.006073713302612305,0.0010835849382877954,0.0010493278503417968,4.180352798868854e-05,40.03248729326083,1.181164274170915,3.4907683991463854,rbf,"{'C': np.float64(40.03248729326083), 'epsilon': np.float64(1.181164274170915), 'gamma': np.float64(3.4907683991463854), 'kernel': 'rbf'}",-7.5712705428522336,-8.63717795256898,-8.452764560180224,-7.621812817210858,-7.944091821744775,-8.045423538911415,0.43142443551728243,71
0.00692906379699707,0.0010599532908540997,0.0011200904846191406,3.331894311576495e-05,38.97074258711358,0.2385956199057641,3.2904876115647785,rbf,"{'C': np.float64(38.97074258711358), 'epsilon': np.float64(0.2385956199057641), 'gamma': np.float64(3.2904876115647785), 'kernel': 'rbf'}",-7.34280234591284,-8.545686319756122,-8.34918904050732,-7.438072221830662,-7.8140025132466375,-7.897950488250716,0.47956285945277877,3
0.004586553573608399,0.0003181367539544459,0.0010313034057617188,2.970377842313069e-05,35.027321491686095,1.1041967083218567,0.6308682377817687,rbf,"{'C': np.float64(35.027321491686095), 'epsilon': np.float64(1.1041967083218567), 'gamma': np.float64(0.6308682377817687), 'kernel': 'rbf'}",-9.821207048889596,-11.04233999885376,-9.654934065920731,-9.032425652903669,-10.247581260743747,-9.959697605462301,0.667365757923227,197
0.007476377487182617,0.0032862787255603164,0.0011278152465820312,5.700140986972838e-05,51.47563142316773,0.31335885775057737,3.7689335622475495,rbf,"{'C': np.float64(51.47563142316773), 'epsilon': np.float64(0.31335885775057737), 'gamma': np.float64(3.7689335622475495), 'kernel': 'rbf'}",-7.45840209408739,-8.51967515359547,-8.386367851535057,-7.528054714999689,-7.897645315053131,-7.958029025854148,0.4329137775271318,27
0.006756114959716797,0.001537648817527879,0.0011259555816650391,2.7217587641350155e-05,28.617123059566193,0.15460047356551354,2.0822637281686993,rbf,"{'C': np.float64(28.617123059566193), 'epsilon': np.float64(0.15460047356551354), 'gamma': np.float64(2.0822637281686993), 'kernel': 'rbf'}",-8.196676590813983,-8.823162087192657,-8.651961497055385,-8.151310305729911,-8.263389773210234,-8.417300050800435,0.2694080978997753,119
0.006513214111328125,0.0002913626668452404,0.001099872589111328,2.8311601431559808e-05,56.28605677397866,0.8352684618946019,1.1628597536959682,rbf,"{'C': np.float64(56.28605677397866), 'epsilon': np.float64(0.8352684618946019), 'gamma': np.float64(1.1628597536959682), 'kernel': 'rbf'}",-9.056890688083017,-10.288986992933811,-9.180462735862779,-9.100662483779068,-9.114714548340611,-9.34834348979986,0.4719888232130146,158
0.006919479370117188,0.00015609638548445365,0.0011883258819580078,7.748264892208173e-05,38.928548215954706,0.19804965012725712,2.1644427362264396,rbf,"{'C': np.float64(38.928548215954706), 'epsilon': np.float64(0.19804965012725712), 'gamma': np.float64(2.1644427362264396), 'kernel': 'rbf'}",-7.861465837910426,-8.850499797987059,-8.687985412320074,-7.944760782015692,-8.161135274814084,-8.301169421009467,0.39783574380494047,112
0.00585017204284668,0.00028575290167556403,0.0011469364166259766,9.968332969330071e-05,28.29620532313744,0.9095964077580537,2.7767815552189496,rbf,"{'C': np.float64(28.29620532313744), 'epsilon': np.float64(0.9095964077580537), 'gamma': np.float64(2.7767815552189496), 'kernel': 'rbf'}",-7.696248064140467,-8.696634929330447,-8.386618733867017,-7.77833636129144,-8.041921490857241,-8.119951915897321,0.37576305783368524,91
0.006396198272705078,0.001152436125841032,0.0012846946716308593,0.0004295635542035253,47.7200353203895,0.5095443267712619,1.0367909229311212,rbf,"{'C': np.float64(47.7200353203895), 'epsilon': np.float64(0.5095443267712619), 'gamma': np.float64(1.0367909229311212), 'kernel': 'rbf'}",-9.216936728896979,-10.4887615292216,-9.336169067058071,-9.034088831014378,-9.239175803593286,-9.463026391956863,0.5220884967250135,169
0.009020709991455078,0.0038062155266102627,0.0013529300689697266,0.0004877658774703622,51.40312699266313,0.885231574594264,3.502474784594183,rbf,"{'C': np.float64(51.40312699266313), 'epsilon': np.float64(0.885231574594264), 'gamma': np.float64(3.502474784594183), 'kernel': 'rbf'}",-7.499378916558511,-8.575859918491718,-8.418895873640814,-7.555144564219857,-7.930844499382473,-7.996024754458675,0.438248718649114,52
0.007420825958251953,0.0008839262812513174,0.0011235713958740235,3.611159295603769e-05,58.55741087560396,0.3224232925444793,2.822719149491414,rbf,"{'C': np.float64(58.55741087560396), 'epsilon': np.float64(0.3224232925444793), 'gamma': np.float64(2.822719149491414), 'kernel': 'rbf'}",-7.3545586929487445,-8.551816571514125,-8.44271790308377,-7.43513921802461,-7.8914030531180535,-7.935127087737861,0.4953612171568541,14
0.00736236572265625,0.0013514158573052814,0.0010900020599365235,3.2847954797754626e-05,60.1568668331348,0.7415327074273712,1.3272595798226465,rbf,"{'C': np.float64(60.1568668331348), 'epsilon': np.float64(0.7415327074273712), 'gamma': np.float64(1.3272595798226465), 'kernel': 'rbf'}",-8.774954372525299,-10.039422216655986,-9.151200097527498,-8.960974863260963,-8.897263267173535,-9.164762963428657,0.4539271252957336,152
0.0054549694061279295,0.00015811458564803189,0.001062631607055664,5.622737118344072e-05,28.49609381528485,0.7971551438017621,3.8477237066444774,rbf,"{'C': np.float64(28.49609381528485), 'epsilon': np.float64(0.7971551438017621), 'gamma': np.float64(3.8477237066444774), 'kernel': 'rbf'}",-7.587851888515441,-8.632054687431115,-8.438167366894666,-7.715448260567953,-8.035029980413569,-8.08171043676455,0.4025328929853184,78
0.007822990417480469,0.0008319772967426916,0.0011302947998046875,2.5652952781596506e-05,58.513863172909744,0.5450486234216041,2.2757043238850208,rbf,"{'C': np.float64(58.513863172909744), 'epsilon': np.float64(0.5450486234216041), 'gamma': np.float64(2.2757043238850208), 'kernel': 'rbf'}",-7.587212750203793,-8.873931844233596,-8.748441657033094,-7.589627029144264,-8.103968051586534,-8.180636266440256,0.5496149785321685,101
0.007936239242553711,0.005214079119041752,0.0010694503784179688,3.169069941616528e-05,55.3433551357825,1.1282721411985528,3.592455189832324,rbf,"{'C': np.float64(55.3433551357825), 'epsilon': np.float64(1.1282721411985528), 'gamma': np.float64(3.592455189832324), 'kernel': 'rbf'}",-7.585963643064732,-8.603537762623569,-8.44563543186132,-7.621412550141111,-8.015219109873415,-8.054353699512829,0.4154668047267936,74
0.008462095260620117,0.0036521709728011653,0.002043008804321289,0.0017257489611986019,51.932123001740834,0.8640485055970011,3.4324747930719584,rbf,"{'C': np.float64(51.932123001740834), 'epsilon': np.float64(0.8640485055970011), 'gamma': np.float64(3.4324747930719584), 'kernel': 'rbf'}",-7.476441683452768,-8.572228764060611,-8.416562444697085,-7.533221318312635,-7.914533185537133,-7.982597479212046,0.44693534543140967,45
0.006413698196411133,0.0003835044478441974,0.0010461807250976562,2.694446410100301e-05,46.407305485785116,0.9826412550207497,2.4860043555444835,rbf,"{'C': np.float64(46.407305485785116), 'epsilon': np.float64(0.9826412550207497), 'gamma': np.float64(2.4860043555444835), 'kernel': 'rbf'}",-7.562353285794229,-8.812444083703669,-8.603824947077333,-7.58498793992129,-8.024813635336955,-8.117684778366696,0.5137716990116263,89
0.006174039840698242,0.00025581357623440635,0.0011315345764160156,5.419417406943087e-05,48.04567148838342,0.20665321525706776,1.14731657002315,rbf,"{'C': np.float64(48.04567148838342), 'epsilon': np.float64(0.20665321525706776), 'gamma': np.float64(1.14731657002315), 'kernel': 'rbf'}",-9.13364800990915,-10.2934130592612,-9.256424391414622,-8.97673721945751,-9.11313177798149,-9.354670891604794,0.47768511601714647,159
0.007683897018432617,0.0034241022178904666,0.001200723648071289,0.0002562983268862389,29.312612986869688,0.10039679965689534,3.134603010893683,rbf,"{'C': np.float64(29.312612986869688), 'epsilon': np.float64(0.10039679965689534), 'gamma': np.float64(3.134603010893683), 'kernel': 'rbf'}",-7.443901171836745,-8.543025453416144,-8.258492960830914,-7.593732270265429,-7.862647127228485,-7.940359796715543,0.40916394542645135,18
0.0076312065124511715,0.0009736149279605811,0.0012197017669677735,0.00021577160132699665,46.91875027920022,0.6454824838801897,2.361149800895598,rbf,"{'C': np.float64(46.91875027920022), 'epsilon': np.float64(0.6454824838801897), 'gamma': np.float64(2.361149800895598), 'kernel': 'rbf'}",-7.593746502815913,-8.816131351844344,-8.669458370306051,-7.6184602899143234,-8.063749714188296,-8.152309245813786,0.5124320133715189,96
0.007420825958251953,0.002418016486435311,0.0010776996612548828,4.139138801785013e-05,46.014373490473844,0.7932975156098738,3.137117158964442,rbf,"{'C': np.float64(46.014373490473844), 'epsilon': np.float64(0.7932975156098738), 'gamma': np.float64(3.137117158964442), 'kernel': 'rbf'}",-7.425992696479127,-8.599817223794773,-8.431330486708362,-7.4848526989427215,-7.85635677783258,-7.9596699767515116,0.48024756915685973,28
0.006377983093261719,0.0011838891645608684,0.001233959197998047,0.00015300118086847782,48.750008019984044,0.2497966265721172,3.9384740333393635,rbf,"{'C': np.float64(48.750008019984044), 'epsilon': np.float64(0.2497966265721172), 'gamma': np.float64(3.9384740333393635), 'kernel': 'rbf'}",-7.4972800417325605,-8.531422378770976,-8.397395400192817,-7.5669174568021695,-7.925183662144044,-7.983639787928513,0.4206851307406017,46
0.005255794525146485,0.000189062391490883,0.001073312759399414,7.714090511401565e-05,35.1030848418041,0.6059010875008966,0.9933468658362045,rbf,"{'C': np.float64(35.1030848418041), 'epsilon': np.float64(0.6059010875008966), 'gamma': np.float64(0.9933468658362045), 'kernel': 'rbf'}",-9.388923640338815,-10.553584170614256,-9.237948074056378,-8.869596080949188,-9.444690601954912,-9.49894851358271,0.5641828562945839,171
0.006479310989379883,0.0006383815913900613,0.0011935234069824219,0.00010340475169689284,33.004744608120504,0.46183766943551613,3.2354524578630017,rbf,"{'C': np.float64(33.004744608120504), 'epsilon': np.float64(0.46183766943551613), 'gamma': np.float64(3.2354524578630017), 'kernel': 'rbf'}",-7.3920374426364965,-8.585640784001358,-8.34179135275814,-7.531118432653537,-7.848776108302686,-7.939872824070443,0.4591420545001237,16
0.006652927398681641,0.0005956450560393104,0.0011085033416748046,0.0001041855473267407,49.29859042859006,1.1615235244237483,1.3829421416695338,rbf,"{'C': np.float64(49.29859042859006), 'epsilon': np.float64(1.1615235244237483), 'gamma': np.float64(1.3829421416695338), 'kernel': 'rbf'}",-8.776970881155485,-9.809840663328908,-9.049885963247236,-8.847145564812134,-8.902575446920125,-9.077283703892778,0.3771113004472693,149
0.006904220581054688,0.0024348801863084543,0.0010974884033203125,6.186278072019306e-05,60.136451692272146,0.7234907310244584,0.6336246479785498,rbf,"{'C': np.float64(60.136451692272146), 'epsilon': np.float64(0.7234907310244584), 'gamma': np.float64(0.6336246479785498), 'kernel': 'rbf'}",-9.689743159604696,-11.16702828013846,-9.521711289845634,-9.121995632677587,-9.942041345362334,-9.888503941525743,0.692685848465854,194
0.007043313980102539,0.0018553269139541546,0.0010783672332763672,6.353289255132678e-05,37.52953698607108,1.1309516213891844,2.510485144985587,rbf,"{'C': np.float64(37.52953698607108), 'epsilon': np.float64(1.1309516213891844), 'gamma': np.float64(2.510485144985587), 'kernel': 'rbf'}",-7.624035776628662,-8.81502030186272,-8.530870329034785,-7.708197332057307,-8.075168592142534,-8.150658466345202,0.4614628355152421,95
0.00633091926574707,0.0011433930694167392,0.0012851238250732421,0.00039051115833037877,39.88042923371992,0.32581017835290565,1.098960979904198,rbf,"{'C': np.float64(39.88042923371992), 'epsilon': np.float64(0.32581017835290565), 'gamma': np.float64(1.098960979904198), 'kernel': 'rbf'}",-9.176615145418587,-10.37903790830033,-9.271291813841605,-8.899772691822605,-9.218795208434036,-9.389102553563433,0.5113610428979322,163
0.0058286190032958984,0.001336704883012083,0.001125001907348633,8.466506597810172e-05,41.85138735870388,1.0958610002778983,0.9231540967616233,rbf,"{'C': np.float64(41.85138735870388), 'epsilon': np.float64(1.0958610002778983), 'gamma': np.float64(0.9231540967616233), 'kernel': 'rbf'}",-9.404912536755562,-10.657978648598931,-9.263462423462284,-9.0116475298813,-9.483423019113406,-9.564284831562299,0.5699134030557609,176
0.00549769401550293,0.0005680076943054036,0.002906942367553711,0.0023720598113036308,51.68622201639627,1.1367871686922029,0.645438437209866,rbf,"{'C': np.float64(51.68622201639627), 'epsilon': np.float64(1.1367871686922029), 'gamma': np.float64(0.645438437209866), 'kernel': 'rbf'}",-9.753409058473283,-11.046220539688475,-9.482673975439164,-9.098453573091883,-9.974687762175712,-9.871088981773703,0.656254088284524,192
0.004817008972167969,0.0002296646955474664,0.0010599136352539063,4.025635402526009e-05,34.856690583583486,0.5909911964404159,0.7806032099695365,rbf,"{'C': np.float64(34.856690583583486), 'epsilon': np.float64(0.5909911964404159), 'gamma': np.float64(0.7806032099695365), 'kernel': 'rbf'}",-9.680317114175274,-10.789332788738168,-9.51124168610903,-8.94203189602355,-9.863423051205263,-9.757269307250258,0.6012465241851624,184
0.007717037200927734,0.0016737487410456759,0.0014801025390625,0.0006323435880930545,27.743082869472776,0.4217129777548285,1.495648751635666,rbf,"{'C': np.float64(27.743082869472776), 'epsilon': np.float64(0.4217129777548285), 'gamma': np.float64(1.495648751635666), 'kernel': 'rbf'}",-8.969846495125102,-9.672874914012015,-8.979963125704112,-8.573371447114653,-8.88273168666699,-9.015757533724573,0.36016486230560446,144
0.006858396530151367,0.0011679322177493565,0.0011315345764160156,5.743661425437483e-05,25.122613578001012,0.2555687909183355,1.1893620070873376,rbf,"{'C': np.float64(25.122613578001012), 'epsilon': np.float64(0.2555687909183355), 'gamma': np.float64(1.1893620070873376), 'kernel': 'rbf'}",-9.341974322081972,-10.248333356963284,-9.207600627504593,-8.803923944798328,-9.293908985831644,-9.379148247435964,0.474223991657564,162
0.006470680236816406,0.0002909642991245882,0.0011248588562011719,4.153659485195796e-05,30.565500091376556,0.10930321315433422,2.3748914858687535,rbf,"{'C': np.float64(30.565500091376556), 'epsilon': np.float64(0.10930321315433422), 'gamma': np.float64(2.3748914858687535), 'kernel': 'rbf'}",-7.881270726147251,-8.680195812882463,-8.51988285674198,-7.912461683029005,-8.08928037460636,-8.216618290681414,0.32497928918807123,105
0.010564804077148438,0.003229187594969304,0.0010823249816894532,0.00010396368922989414,60.71773685199708,0.755799772994718,2.5981114820515154,rbf,"{'C': np.float64(60.71773685199708), 'epsilon': np.float64(0.755799772994718), 'gamma': np.float64(2.5981114820515154), 'kernel': 'rbf'}",-7.466270053220367,-8.683038416924127,-8.544312551143,-7.459374566623669,-7.999790142887688,-8.03055714615977,0.5167770304031735,65
0.006005859375,9.155057368113011e-05,0.0010930538177490235,2.0058697891870392e-05,28.654357974840742,0.2583297774906041,1.8357596461094183,rbf,"{'C': np.float64(28.654357974840742), 'epsilon': np.float64(0.2583297774906041), 'gamma': np.float64(1.8357596461094183), 'kernel': 'rbf'}",-8.505542191412312,-9.11283178653458,-8.796168636859484,-8.330368144510294,-8.470857539906687,-8.643153659844671,0.2794525983685147,129
0.007647418975830078,0.0010149607401064326,0.00122222900390625,0.00012328482484854549,48.10700632036951,0.7718307680096855,1.360280140903038,rbf,"{'C': np.float64(48.10700632036951), 'epsilon': np.float64(0.7718307680096855), 'gamma': np.float64(1.360280140903038), 'kernel': 'rbf'}",-8.841463480722926,-9.863822135270162,-9.059629854259658,-8.861375912580534,-8.909278444990516,-9.107113965564759,0.3859943675514959,151
0.016090869903564453,0.009913958437095579,0.0011865615844726563,0.00012409868202389586,38.96230116356489,0.3032028180896354,3.9208949706885017,rbf,"{'C': np.float64(38.96230116356489), 'epsilon': np.float64(0.3032028180896354), 'gamma': np.float64(3.9208949706885017), 'kernel': 'rbf'}",-7.510262097708621,-8.553198076312672,-8.414894031127682,-7.589326125920156,-7.897344507389365,-7.993004967691698,0.4235457260490509,50
0.0052410602569580075,0.0017060343232443054,0.0019048690795898438,0.0016426787948887796,25.828842004636073,0.9489161836922324,0.8098426037603219,rbf,"{'C': np.float64(25.828842004636073), 'epsilon': np.float64(0.9489161836922324), 'gamma': np.float64(0.8098426037603219), 'kernel': 'rbf'}",-9.742385043368454,-10.730336206631815,-9.640918549043928,-8.888701790230938,-9.993512560701266,-9.79917082999528,0.593642981816343,187
0.006375932693481445,0.0005254080725159441,0.0015555381774902343,0.0005612788310628225,30.837651792031387,0.5582852890587329,2.06440846951834,rbf,"{'C': np.float64(30.837651792031387), 'epsilon': np.float64(0.5582852890587329), 'gamma': np.float64(2.06440846951834), 'kernel': 'rbf'}",-8.166384786251266,-8.883675945396824,-8.690771863567434,-8.1702941547818,-8.316421179453755,-8.445509585890216,0.29067553988069633,121
0.0059814929962158205,0.00017076812239647104,0.0014680862426757813,0.0007843129799880468,64.87627791841993,0.7435673288861411,3.1902972655469575,rbf,"{'C': np.float64(64.87627791841993), 'epsilon': np.float64(0.7435673288861411), 'gamma': np.float64(3.1902972655469575), 'kernel': 'rbf'}",-7.408969306650136,-8.549333216714473,-8.428872500050772,-7.468599618595055,-7.920174044322011,-7.9551897372664895,0.47196072614006435,24
0.007195091247558594,0.0006360676254948699,0.0013077259063720703,0.0004011435494328124,51.424904563930994,0.883079769898913,2.3014085620517837,rbf,"{'C': np.float64(51.424904563930994), 'epsilon': np.float64(0.883079769898913), 'gamma': np.float64(2.3014085620517837), 'kernel': 'rbf'}",-7.631009242148557,-8.874679898380139,-8.734143812202097,-7.617576548846608,-8.095558360172456,-8.190593572349972,0.5317773571881377,102
0.006286334991455078,0.00031876709894204625,0.0011008739471435546,2.1049322706187213e-05,60.51869799970399,0.5529599405176974,0.9340627171811988,rbf,"{'C': np.float64(60.51869799970399), 'epsilon': np.float64(0.5529599405176974), 'gamma': np.float64(0.9340627171811988), 'kernel': 'rbf'}",-9.324397669925705,-10.714847684061835,-9.403484279191776,-9.233175508946793,-9.3397972813742,-9.603140484700063,0.5585117331482194,179
0.007637310028076172,0.0002425151502815919,0.0011649131774902344,1.3639543293221092e-05,63.251222574440106,0.23693220639273438,2.215011091153235,rbf,"{'C': np.float64(63.251222574440106), 'epsilon': np.float64(0.23693220639273438), 'gamma': np.float64(2.215011091153235), 'kernel': 'rbf'}",-7.599012422881139,-8.92782467987597,-8.787872836175753,-7.609590094087733,-8.126709351591844,-8.210201876922488,0.5639050077239591,104
0.005343723297119141,0.0003782072449123386,0.0011556625366210937,9.830798013161986e-05,48.00427553363504,0.9658940020421312,3.8882492337483505,rbf,"{'C': np.float64(48.00427553363504), 'epsilon': np.float64(0.9658940020421312), 'gamma': np.float64(3.8882492337483505), 'kernel': 'rbf'}",-7.632813044160303,-8.60912303546039,-8.46326584405531,-7.665908237626477,-8.051280408494497,-8.084478113959396,0.39975907805229627,80
0.010506534576416015,0.0027678995507677403,0.00207061767578125,0.0015991999755374544,46.394614011086716,1.071121835378203,1.049159090209794,rbf,"{'C': np.float64(46.394614011086716), 'epsilon': np.float64(1.071121835378203), 'gamma': np.float64(1.049159090209794), 'kernel': 'rbf'}",-9.258001417088474,-10.432134855913665,-9.293316347416887,-9.04480142699458,-9.237597533132444,-9.45317031610921,0.49704175579185805,168
0.011403799057006836,0.002274634140128578,0.0030106067657470702,0.0020272761396143966,25.94576553472319,0.5180993019619393,3.9856419480674146,rbf,"{'C': np.float64(25.94576553472319), 'epsilon': np.float64(0.5180993019619393), 'gamma': np.float64(3.9856419480674146), 'kernel': 'rbf'}",-7.599775815971757,-8.614845894399645,-8.417645736427467,-7.7316549669537595,-8.040870253964643,-8.080958533543456,0.38821407654782497,77
0.007899284362792969,0.003935835039064946,0.0013309001922607421,0.00023681743857561824,38.45176336872141,0.24841867942597606,3.8958423100628643,rbf,"{'C': np.float64(38.45176336872141), 'epsilon': np.float64(0.24841867942597606), 'gamma': np.float64(3.8958423100628643), 'kernel': 'rbf'}",-7.491448509785479,-8.545614127330483,-8.405335665847916,-7.577486696992927,-7.880255517304371,-7.980028103452236,0.42696094557835274,44
0.008300971984863282,0.002592199654153652,0.002059793472290039,0.0018999250702152355,35.593411005447365,0.7873256920805043,3.2310138178814545,rbf,"{'C': np.float64(35.593411005447365), 'epsilon': np.float64(0.7873256920805043), 'gamma': np.float64(3.2310138178814545), 'kernel': 'rbf'}",-7.438678506826269,-8.630241441922525,-8.379483574378241,-7.538536323618383,-7.877806156273274,-7.972949200603739,0.46486884351668945,41
0.005499029159545898,9.810634541542285e-05,0.001300954818725586,0.00040499238740619736,45.800723136022675,0.4415629929556655,3.9920028187510828,rbf,"{'C': np.float64(45.800723136022675), 'epsilon': np.float64(0.4415629929556655), 'gamma': np.float64(3.9920028187510828), 'kernel': 'rbf'}",-7.548895767608251,-8.563891610448415,-8.425092464059716,-7.613227061427425,-7.966777287012616,-8.023576838111286,0.4123324139598768,59
0.00994105339050293,0.002951879037194965,0.0020180225372314455,0.0016643217386919577,48.51078202161593,0.5800592866327765,3.3811132045504486,rbf,"{'C': np.float64(48.51078202161593), 'epsilon': np.float64(0.5800592866327765), 'gamma': np.float64(3.3811132045504486), 'kernel': 'rbf'}",-7.403083599733616,-8.542119991643231,-8.409923303858555,-7.477622427979357,-7.839768946862105,-7.934503654015373,0.4680478289119007,13
0.011151123046875,0.0020447155062456876,0.0044934749603271484,0.0017032144177737123,39.11535628280768,1.1664036404508382,2.797357951396271,rbf,"{'C': np.float64(39.11535628280768), 'epsilon': np.float64(1.1664036404508382), 'gamma': np.float64(2.797357951396271), 'kernel': 'rbf'}",-7.5284773902392965,-8.737736160933501,-8.437160999624885,-7.588237379391985,-7.965409641474173,-8.051404314332768,0.4722776482600652,72
0.010988664627075196,0.0017826258688878622,0.002794837951660156,0.002070462569418241,37.79247443719164,1.0692872854961124,3.5625756302102376,rbf,"{'C': np.float64(37.79247443719164), 'epsilon': np.float64(1.0692872854961124), 'gamma': np.float64(3.5625756302102376), 'kernel': 'rbf'}",-7.566945543770606,-8.630305509777632,-8.448656412548898,-7.622372259854572,-7.951340432836991,-8.04392403175774,0.4292872313526184,69
0.0148468017578125,0.003869343533789814,0.0042606830596923825,0.0026436979165207855,60.869125882387,0.6224012657918887,2.3761649955598436,rbf,"{'C': np.float64(60.869125882387), 'epsilon': np.float64(0.6224012657918887), 'gamma': np.float64(2.3761649955598436), 'kernel': 'rbf'}",-7.531380401427831,-8.797397971246468,-8.669777592665273,-7.517374327590117,-8.07684332592166,-8.11855472377027,0.5426981113136441,90
0.014188480377197266,0.0012536082570613683,0.0013271331787109374,0.00029046176873587216,44.531296850775874,0.54282438157209,3.0578381605229987,rbf,"{'C': np.float64(44.531296850775874), 'epsilon': np.float64(0.54282438157209), 'gamma': np.float64(3.0578381605229987), 'kernel': 'rbf'}",-7.3816267493483565,-8.594046416159657,-8.38861663510269,-7.4521483655423255,-7.841539288152417,-7.931595490861089,0.4874740684337292,12
0.01475071907043457,0.002327727916904111,0.003693103790283203,0.0033932536043559188,35.71994147190625,0.09007927717973106,2.2338333886580006,rbf,"{'C': np.float64(35.71994147190625), 'epsilon': np.float64(0.09007927717973106), 'gamma': np.float64(2.2338333886580006), 'kernel': 'rbf'}",-7.8674244486989755,-8.76718580514125,-8.622488541326096,-7.939527565439693,-8.127354367371293,-8.264796145595463,0.364124532849523,110
0.014397668838500976,0.0022462593613928484,0.0024300098419189455,0.0016859799677829055,62.41795942288886,0.9654686050915994,3.0634654216517396,rbf,"{'C': np.float64(62.41795942288886), 'epsilon': np.float64(0.9654686050915994), 'gamma': np.float64(3.0634654216517396), 'kernel': 'rbf'}",-7.442201806341389,-8.591563130032837,-8.454335639301503,-7.501642174371212,-7.945719925220048,-7.987092535053398,0.47285948661931126,47
0.015496015548706055,0.004818385153156949,0.005263137817382813,0.005095594939184552,56.866330491459735,0.19172962499563867,3.8139245997822324,rbf,"{'C': np.float64(56.866330491459735), 'epsilon': np.float64(0.19172962499563867), 'gamma': np.float64(3.8139245997822324), 'kernel': 'rbf'}",-7.458516610179113,-8.503011733033516,-8.37895977665612,-7.520980915398813,-7.896636637751246,-7.95162113460376,0.4285501773017824,22
0.020236682891845704,0.004230053330924477,0.0037622451782226562,0.004740289178045829,52.70291007328299,0.3624786252852768,1.4049883700351444,rbf,"{'C': np.float64(52.70291007328299), 'epsilon': np.float64(0.3624786252852768), 'gamma': np.float64(1.4049883700351444), 'kernel': 'rbf'}",-8.740463946864198,-9.867214507073198,-9.032183957069266,-8.848210907061741,-8.810075448848206,-9.059629753383323,0.4151598481719077,147
0.01342320442199707,0.001657589241405321,0.005239105224609375,0.0036216730635266745,57.061553694129785,0.2871168417563698,3.6800803972092444,rbf,"{'C': np.float64(57.061553694129785), 'epsilon': np.float64(0.2871168417563698), 'gamma': np.float64(3.6800803972092444), 'kernel': 'rbf'}",-7.434333001174888,-8.503520041005542,-8.377753770045542,-7.497996261750889,-7.887073852461764,-7.940135385287725,0.4388737184152898,17
0.01851482391357422,0.001730647370557636,0.001207876205444336,0.00019690005312080996,38.14640511020245,1.1384163575569566,1.5363392246472987,rbf,"{'C': np.float64(38.14640511020245), 'epsilon': np.float64(1.1384163575569566), 'gamma': np.float64(1.5363392246472987), 'kernel': 'rbf'}",-8.697884968732058,-9.51068144470033,-8.970190133682157,-8.650892801267252,-8.77513047881466,-8.920955965439292,0.3143755712443672,138
0.01705446243286133,0.006175935169815562,0.0012496471405029296,0.00016640186248325866,60.2389419930462,0.552312639768332,0.556690182516519,rbf,"{'C': np.float64(60.2389419930462), 'epsilon': np.float64(0.552312639768332), 'gamma': np.float64(0.556690182516519), 'kernel': 'rbf'}",-9.865718273156082,-11.283745236598971,-9.59811388554352,-9.121391656381446,-10.117010697797339,-9.997195949895472,0.7229316254028281,198
0.02014470100402832,0.003099606938716698,0.0014997959136962891,0.0006162590671857736,48.235967080922705,0.33253504433128,1.1844732239053524,rbf,"{'C': np.float64(48.235967080922705), 'epsilon': np.float64(0.33253504433128), 'gamma': np.float64(1.1844732239053524), 'kernel': 'rbf'}",-9.09723791545063,-10.20271911555968,-9.206115139712189,-8.97200499301389,-9.066033829066386,-9.308822198560554,0.45315789065862305,156
0.013074016571044922,0.0034455248307033947,0.001130819320678711,1.495551685945716e-05,64.08258716103235,0.6636688655998718,3.4823114962860933,rbf,"{'C': np.float64(64.08258716103235), 'epsilon': np.float64(0.6636688655998718), 'gamma': np.float64(3.4823114962860933), 'kernel': 'rbf'}",-7.461653297313353,-8.533998987303638,-8.400960781574966,-7.505857102662143,-7.91962209965297,-7.964418453701414,0.4427299892179796,33
0.013294553756713868,0.002171548189568247,0.0027612686157226563,0.00202093377085507,64.14676111836386,0.9068435028359942,2.7245483591918145,rbf,"{'C': np.float64(64.14676111836386), 'epsilon': np.float64(0.9068435028359942), 'gamma': np.float64(2.7245483591918145), 'kernel': 'rbf'}",-7.459587253152295,-8.641370740812297,-8.496241399517029,-7.501196537523694,-7.98440524453628,-8.016560235108319,0.48935360923616916,58
0.012717008590698242,0.0018687119560158879,0.0019334793090820313,0.0016217454226234434,51.50237722183905,0.7808470070877768,3.2547751630909594,rbf,"{'C': np.float64(51.50237722183905), 'epsilon': np.float64(0.7808470070877768), 'gamma': np.float64(3.2547751630909594), 'kernel': 'rbf'}",-7.424617431033956,-8.567636511881055,-8.429851013531792,-7.49492154829555,-7.8705895249700495,-7.957523205942481,0.46922875602021286,26
0.014888668060302734,0.00702105141396967,0.0020186901092529297,0.0016257181344607131,61.1393818811453,0.14608490583594874,2.777879200912924,rbf,"{'C': np.float64(61.1393818811453), 'epsilon': np.float64(0.14608490583594874), 'gamma': np.float64(2.777879200912924), 'kernel': 'rbf'}",-7.33223910161283,-8.534932749593581,-8.452504042997175,-7.414402851728159,-7.898231380131976,-7.926462025212745,0.5026050688773998,9
0.0058711528778076175,0.0003939509187974185,0.0010560512542724609,4.806026554660929e-05,52.24184357513687,1.1601585686070206,3.5234925002620248,rbf,"{'C': np.float64(52.24184357513687), 'epsilon': np.float64(1.1601585686070206), 'gamma': np.float64(3.5234925002620248), 'kernel': 'rbf'}",-7.56728552747097,-8.609572266958747,-8.443771794768065,-7.608613119755958,-7.994295127672599,-8.044707567325267,0.4240226342844661,70
0.00733480453491211,0.0003551142924162849,0.001163816452026367,4.281445406023904e-05,52.781687216583535,0.5428029207473202,2.2918000137236585,rbf,"{'C': np.float64(52.781687216583535), 'epsilon': np.float64(0.5428029207473202), 'gamma': np.float64(2.2918000137236585), 'kernel': 'rbf'}",-7.597130998942716,-8.843615469351159,-8.738332136654954,-7.609539599916628,-8.079925393429006,-8.173708719658894,0.5342468778157394,99
0.009382963180541992,0.002542996370678724,0.002052116394042969,0.001684868464559343,44.312891819923,0.17050320651477174,2.1472709486968045,rbf,"{'C': np.float64(44.312891819923), 'epsilon': np.float64(0.17050320651477174), 'gamma': np.float64(2.1472709486968045), 'kernel': 'rbf'}",-7.7934635719050505,-8.894993788996532,-8.7187437907331,-7.860354431924782,-8.16070412753702,-8.285651942219298,0.4466778158834794,111
0.01177520751953125,0.0021507488142906107,0.0028052330017089844,0.001996537578124165,31.532867694438146,0.3235989830467454,1.5316756570495889,rbf,"{'C': np.float64(31.532867694438146), 'epsilon': np.float64(0.3235989830467454), 'gamma': np.float64(1.5316756570495889), 'kernel': 'rbf'}",-8.830900260929116,-9.561386285362042,-8.950576802389008,-8.589975448544239,-8.771771672655467,-8.940922093975974,0.33134551239049304,139
0.011001205444335938,0.003963869361496772,0.0011078357696533204,7.567010579553487e-05,56.38649889320863,0.8599931150468855,1.4338605137654579,rbf,"{'C': np.float64(56.38649889320863), 'epsilon': np.float64(0.8599931150468855), 'gamma': np.float64(1.4338605137654579), 'kernel': 'rbf'}",-8.637664314236279,-9.820039904280634,-9.099555824447657,-8.787471537078073,-8.762427615827097,-9.021431839173948,0.42731167140474285,145
0.007065725326538086,0.0032353003034903743,0.0011846065521240235,0.0002490686492893659,60.49782303960456,0.9884448701295974,3.8666235856086324,rbf,"{'C': np.float64(60.49782303960456), 'epsilon': np.float64(0.9884448701295974), 'gamma': np.float64(3.8666235856086324), 'kernel': 'rbf'}",-7.6421368401703935,-8.597331768452927,-8.461136674137526,-7.665529306300717,-8.061032086239258,-8.085433335060165,0.3941115582669036,81
0.014304065704345703,0.0016994532484439124,0.002756166458129883,0.001996871790565676,51.66426176477302,0.9991873035612292,1.4545833054208674,rbf,"{'C': np.float64(51.66426176477302), 'epsilon': np.float64(0.9991873035612292), 'gamma': np.float64(1.4545833054208674), 'kernel': 'rbf'}",-8.646797156164896,-9.718523898420298,-9.018203207495283,-8.761897749831533,-8.778013545393964,-8.984687111461195,0.38630517548804827,142
0.01773691177368164,0.003515815872613936,0.001159811019897461,2.4388530911321356e-05,62.05444327515343,0.50559567532943,2.1693612575766736,rbf,"{'C': np.float64(62.05444327515343), 'epsilon': np.float64(0.50559567532943), 'gamma': np.float64(2.1693612575766736), 'kernel': 'rbf'}",-7.656259088981056,-8.98551297166141,-8.837837457870467,-7.6557518681103085,-8.164422231758744,-8.259956723676398,0.5655120144992714,109
0.012238121032714844,0.0021940566221790377,0.0019437313079833985,0.0015864554746132546,26.74920456658091,1.068952866296411,1.7950798369922216,rbf,"{'C': np.float64(26.74920456658091), 'epsilon': np.float64(1.068952866296411), 'gamma': np.float64(1.7950798369922216), 'kernel': 'rbf'}",-8.680004415703245,-9.16949477513189,-8.854830610216117,-8.420140272326046,-8.593481094586851,-8.74359023359283,0.2549372029297314,133
0.012293195724487305,0.0020951367329437886,0.004603147506713867,0.0032476104115667817,61.23276599328634,0.22091000262957228,1.0424355295200116,rbf,"{'C': np.float64(61.23276599328634), 'epsilon': np.float64(0.22091000262957228), 'gamma': np.float64(1.0424355295200116), 'kernel': 'rbf'}",-9.22765616053677,-10.55660959672969,-9.331081552605601,-9.20571553825536,-9.214345504155729,-9.507081670456632,0.5267028638242023,172
0.00955495834350586,0.0019067132046345053,0.001987934112548828,0.0016562087300851054,31.36323375925182,0.8644403540708296,0.6513685578312836,rbf,"{'C': np.float64(31.36323375925182), 'epsilon': np.float64(0.8644403540708296), 'gamma': np.float64(0.6513685578312836), 'kernel': 'rbf'}",-9.80436990649353,-11.002541334693642,-9.676099863795102,-8.998222108810136,-10.213882952988389,-9.939023233356158,0.6601493149269139,196
0.012694072723388673,0.0023610700270766008,0.002849102020263672,0.002086496713308171,40.43811655624724,0.6130299604802798,3.74093833594007,rbf,"{'C': np.float64(40.43811655624724), 'epsilon': np.float64(0.6130299604802798), 'gamma': np.float64(3.74093833594007), 'kernel': 'rbf'}",-7.516536288964291,-8.573942753212911,-8.420662625653655,-7.586758006849567,-7.897363857220115,-7.999052706380107,0.42927919221819444,54
0.006311941146850586,0.001732333155912116,0.0011013031005859375,2.8358544525807123e-05,39.57192365130608,0.8369120370665162,3.7123297158138726,rbf,"{'C': np.float64(39.57192365130608), 'epsilon': np.float64(0.8369120370665162), 'gamma': np.float64(3.7123297158138726), 'kernel': 'rbf'}",-7.55825560461736,-8.599823109227016,-8.440396989630338,-7.6210146146279625,-7.932430516429802,-8.030384166906495,0.4224819407105419,63
0.006001949310302734,0.0003221707129219753,0.001457357406616211,0.0007022008256553911,40.976179285167106,0.43324966762163064,1.0688726160976065,rbf,"{'C': np.float64(40.976179285167106), 'epsilon': np.float64(0.43324966762163064), 'gamma': np.float64(1.0688726160976065), 'kernel': 'rbf'}",-9.198691118454779,-10.43079499270874,-9.286025651801879,-8.923633869398989,-9.250637984239445,-9.417956723320767,0.5222404077440447,165
0.006886053085327149,0.0001779463638846567,0.0011249065399169921,7.205449677203194e-06,59.53824190535726,0.5638315843279653,1.3888647551523055,rbf,"{'C': np.float64(59.53824190535726), 'epsilon': np.float64(0.5638315843279653), 'gamma': np.float64(1.3888647551523055), 'kernel': 'rbf'}",-8.688719166860722,-9.936864338418216,-9.154223869852782,-8.870135027193301,-8.803867788752637,-9.090762038215534,0.4500087921936036,150
0.015379905700683594,0.007743485024702543,0.004090595245361328,0.003577864884516688,49.271756452881824,0.7665385053164858,2.3554987799552265,rbf,"{'C': np.float64(49.271756452881824), 'epsilon': np.float64(0.7665385053164858), 'gamma': np.float64(2.3554987799552265), 'kernel': 'rbf'}",-7.590949430131092,-8.83524904282346,-8.691099995129356,-7.597466543334265,-8.06574247363403,-8.156101497010441,0.5267066366101083,97
0.020448017120361327,0.0033024995551962514,0.004477882385253906,0.003847509173437147,45.90281593927982,0.24568985458484582,2.6871603597883125,rbf,"{'C': np.float64(45.90281593927982), 'epsilon': np.float64(0.24568985458484582), 'gamma': np.float64(2.6871603597883125), 'kernel': 'rbf'}",-7.380208995674563,-8.6382926659356,-8.452420336888036,-7.466822111290777,-7.895368585867399,-7.966622539131275,0.5071289179333769,35
0.01363077163696289,0.004412642247162559,0.001929330825805664,0.0016094237926221613,27.242370165881354,1.0978241085656202,1.82353888082189,rbf,"{'C': np.float64(27.242370165881354), 'epsilon': np.float64(1.0978241085656202), 'gamma': np.float64(1.82353888082189), 'kernel': 'rbf'}",-8.608656543243177,-9.135378691991942,-8.847284126528564,-8.4023142393678,-8.563927684318063,-8.711512257089908,0.2553666670972846,131
0.014877510070800782,0.0031659412329594653,0.0011916160583496094,8.910184292902533e-05,39.75517308279542,1.026380117304207,1.1239704503960266,rbf,"{'C': np.float64(39.75517308279542), 'epsilon': np.float64(1.026380117304207), 'gamma': np.float64(1.1239704503960266), 'kernel': 'rbf'}",-9.218322373676191,-10.280676726338193,-9.243859164528274,-8.9253199601697,-9.196412216593439,-9.372918088261159,0.4682051244424304,161
0.017421483993530273,0.0024184013362596717,0.003614521026611328,0.003237665965210585,44.88026263862132,0.15740776812129093,2.0392396346444954,rbf,"{'C': np.float64(44.88026263862132), 'epsilon': np.float64(0.15740776812129093), 'gamma': np.float64(2.0392396346444954), 'kernel': 'rbf'}",-7.9118374453636795,-8.98773387020475,-8.80252795582872,-7.9958056683487,-8.220073333195014,-8.383595654588174,0.43362741785620557,115
0.01638035774230957,0.003027430425599299,0.0011338233947753907,1.4839981370854104e-05,57.728046017196704,0.7963034668963858,2.995504653283435,rbf,"{'C': np.float64(57.728046017196704), 'epsilon': np.float64(0.7963034668963858), 'gamma': np.float64(2.995504653283435), 'kernel': 'rbf'}",-7.419190850564426,-8.582477202035763,-8.45357585262225,-7.489035683308194,-7.9088875259654365,-7.970633422899215,0.4790457284321463,39
0.020231962203979492,0.0051975368337759545,0.0011138916015625,3.891002898105198e-05,51.21172536691664,1.153668670282097,3.300184945508646,rbf,"{'C': np.float64(51.21172536691664), 'epsilon': np.float64(1.153668670282097), 'gamma': np.float64(3.300184945508646), 'kernel': 'rbf'}",-7.509548672715613,-8.613692504013297,-8.441309051426428,-7.55112110384066,-7.93905834324785,-8.01094593504877,0.4508928374375638,56
0.012185382843017577,0.004181269756554564,0.0036399364471435547,0.0020233911735916097,58.71834385431906,0.23701632723114546,3.783934165992037,rbf,"{'C': np.float64(58.71834385431906), 'epsilon': np.float64(0.23701632723114546), 'gamma': np.float64(3.783934165992037), 'kernel': 'rbf'}",-7.459608883962663,-8.504082641195161,-8.38024853562321,-7.519245299114665,-7.899514174774597,-7.952539906934059,0.4291086104042664,23
0.0126251220703125,0.0018479955415845804,0.001175260543823242,4.390492213970046e-05,58.073257767503144,0.7397184817548691,0.683953683809418,rbf,"{'C': np.float64(58.073257767503144), 'epsilon': np.float64(0.7397184817548691), 'gamma': np.float64(0.683953683809418), 'kernel': 'rbf'}",-9.624360774244083,-11.103631021748177,-9.459616727658236,-9.119134098364826,-9.816957666829953,-9.824740057769054,0.6792597937107911,189
0.013074588775634766,0.0018503138262226018,0.001144742965698242,1.4907244394293577e-05,55.75656284303179,0.8760349451802208,0.6491594162620984,rbf,"{'C': np.float64(55.75656284303179), 'epsilon': np.float64(0.8760349451802208), 'gamma': np.float64(0.6491594162620984), 'kernel': 'rbf'}",-9.68953254,-11.095243057106353,-9.500295771458788,-9.106223942992628,-9.924463709594143,-9.863151804230382,0.6717969844679887,191
0.006884765625,0.0013505465103078999,0.0011598587036132813,4.292445615885779e-05,32.208363126413914,0.32871849674153564,2.1646199897251712,rbf,"{'C': np.float64(32.208363126413914), 'epsilon': np.float64(0.32871849674153564), 'gamma': np.float64(2.1646199897251712), 'kernel': 'rbf'}",-8.028411816713682,-8.800652906836852,-8.63684319668023,-8.05997532145477,-8.216801623044638,-8.348536972946034,0.3132511583696494,113
0.005490636825561524,0.00034832758906218564,0.001103973388671875,3.084388270751608e-05,47.46439209170625,0.6639901383216287,0.8223285942442728,rbf,"{'C': np.float64(47.46439209170625), 'epsilon': np.float64(0.6639901383216287), 'gamma': np.float64(0.8223285942442728), 'kernel': 'rbf'}",-9.472331012773008,-10.884718009600777,-9.330058736722686,-9.037163736102025,-9.57314403576398,-9.659483106192495,0.6386677889598062,182
0.006944036483764649,0.00021283425580897618,0.0012878894805908204,0.0001935022226205023,59.06470600313243,0.7595452246211362,2.2990821430943793,rbf,"{'C': np.float64(59.06470600313243), 'epsilon': np.float64(0.7595452246211362), 'gamma': np.float64(2.2990821430943793), 'kernel': 'rbf'}",-7.596732027312781,-8.86506813843443,-8.720963186368568,-7.576923716397421,-8.115143058015368,-8.174966025305714,0.5422069297838399,100
0.006036138534545899,0.0004331737032426154,0.001210927963256836,0.00010678799829949206,27.09226825711329,0.16941582901312235,2.026541713538081,rbf,"{'C': np.float64(27.09226825711329), 'epsilon': np.float64(0.16941582901312235), 'gamma': np.float64(2.026541713538081), 'kernel': 'rbf'}",-8.327239544220959,-8.88739879818457,-8.690417972726422,-8.19525671010476,-8.321583185612315,-8.484379242169805,0.2606392143440998,122
0.011145305633544923,0.005513152627738916,0.0022363185882568358,0.0017716596422917502,26.06364190814425,0.15671456487861307,3.4379018482397785,rbf,"{'C': np.float64(26.06364190814425), 'epsilon': np.float64(0.15671456487861307), 'gamma': np.float64(3.4379018482397785), 'kernel': 'rbf'}",-7.534278851356156,-8.537593347002659,-8.295902423603788,-7.6458860360873135,-7.881900049123562,-7.979112141434695,0.38226269082608894,43
0.014092969894409179,0.001541819850807593,0.0030556201934814455,0.002427926632321485,57.05922439024731,1.192025481490528,1.378237617121879,rbf,"{'C': np.float64(57.05922439024731), 'epsilon': np.float64(1.192025481490528), 'gamma': np.float64(1.378237617121879), 'kernel': 'rbf'}",-8.701271913344922,-9.888707873197122,-9.08877833876188,-8.854963363823659,-8.844734283765979,-9.075691154578713,0.42506918522428655,148
0.013780546188354493,0.001669654534992734,0.001155519485473633,3.52903311818654e-05,48.94770276727658,0.15477385285350503,1.0948644500498903,rbf,"{'C': np.float64(48.94770276727658), 'epsilon': np.float64(0.15477385285350503), 'gamma': np.float64(1.0948644500498903), 'kernel': 'rbf'}",-9.182086609162937,-10.390864665718226,-9.321469086283775,-9.02281056821187,-9.162877292305595,-9.416021644336482,0.4965242625702914,164
0.013183832168579102,0.003619267908355021,0.003629159927368164,0.003265971161476355,47.371777129533584,0.4534227980686326,3.1704310012614636,rbf,"{'C': np.float64(47.371777129533584), 'epsilon': np.float64(0.4534227980686326), 'gamma': np.float64(3.1704310012614636), 'kernel': 'rbf'}",-7.367488842524132,-8.547064823280309,-8.405341425678813,-7.454443019070806,-7.823471778094073,-7.919561977729626,0.4816835500636305,7
0.012546348571777343,0.0033685344205153164,0.0019313335418701173,0.001622840018115899,40.04887000536034,1.0010782702938372,3.7064928294724706,rbf,"{'C': np.float64(40.04887000536034), 'epsilon': np.float64(1.0010782702938372), 'gamma': np.float64(3.7064928294724706), 'kernel': 'rbf'}",-7.592267677951857,-8.61559016433607,-8.457074814609879,-7.643417831616189,-7.964704094958408,-8.05461091669448,0.4165571186840246,75
0.012144327163696289,0.0022132942642329543,0.0019332408905029298,0.001648526114190439,26.142801804834704,1.0565694814831357,3.669299599745312,rbf,"{'C': np.float64(26.142801804834704), 'epsilon': np.float64(1.0565694814831357), 'gamma': np.float64(3.669299599745312), 'kernel': 'rbf'}",-7.629671652174049,-8.654316932907072,-8.442367970108716,-7.770802795082548,-8.058504991364744,-8.111132868327426,0.38862958598482406,87
0.011611032485961913,0.0031664309193891885,0.002132749557495117,0.002012477454305689,52.876220591635594,0.9848057861984212,1.7840507422738643,rbf,"{'C': np.float64(52.876220591635594), 'epsilon': np.float64(0.9848057861984212), 'gamma': np.float64(1.7840507422738643), 'kernel': 'rbf'}",-8.15312341395496,-9.338661795253863,-9.020449224366752,-8.20417542508606,-8.413619896115387,-8.626005950955404,0.4711964709116355,128
0.009729433059692382,0.004243052424669727,0.0012352466583251953,0.0002493781294644677,55.74546541810533,1.0109878049541567,0.6535631722168709,rbf,"{'C': np.float64(55.74546541810533), 'epsilon': np.float64(1.0109878049541567), 'gamma': np.float64(0.6535631722168709), 'kernel': 'rbf'}",-9.690067067119182,-11.082020765917248,-9.483150855496804,-9.097165576113365,-9.91382916960378,-9.853246686850074,0.6706434422697989,190
0.016506433486938477,0.001241920955076407,0.0011237621307373046,2.3329279285083944e-05,60.42337184641066,0.9602692740779544,1.906326665292091,rbf,"{'C': np.float64(60.42337184641066), 'epsilon': np.float64(0.9602692740779544), 'gamma': np.float64(1.906326665292091), 'kernel': 'rbf'}",-7.944467877939705,-9.321056222108048,-9.031583062299282,-7.946003311275353,-8.328484000134907,-8.514318894751458,0.5657976186269636,124
0.010581398010253906,0.0016103480134804734,0.004409408569335938,0.0030420383619733176,63.52289691813934,0.765325436560944,0.7066368121239557,rbf,"{'C': np.float64(63.52289691813934), 'epsilon': np.float64(0.765325436560944), 'gamma': np.float64(0.7066368121239557), 'kernel': 'rbf'}",-9.542861953264186,-11.133437913555644,-9.47817343374168,-9.16114715453817,-9.701652013565509,-9.803454493733039,0.6878218664875371,188
0.011528921127319337,0.0024229738436569023,0.0027597904205322265,0.0020504554618992975,41.695509992333314,1.048823706597631,1.1298411336761562,rbf,"{'C': np.float64(41.695509992333314), 'epsilon': np.float64(1.048823706597631), 'gamma': np.float64(1.1298411336761562), 'kernel': 'rbf'}",-9.199952652429143,-10.2582129885839,-9.241249055519173,-8.950917445313104,-9.164918207869054,-9.363050069942876,0.458663807309291,160
0.01133885383605957,0.0019246100091667164,0.0020131587982177733,0.0016527720790163966,25.67061828453797,0.42440150297132617,1.521328987771789,rbf,"{'C': np.float64(25.67061828453797), 'epsilon': np.float64(0.42440150297132617), 'gamma': np.float64(1.521328987771789), 'kernel': 'rbf'}",-8.997410490222038,-9.653012619250056,-8.973766197003572,-8.557720219328399,-8.886097386691171,-9.013601382499045,0.3563090289511164,143
0.006037664413452148,0.00048295008995193403,0.0012146472930908204,0.00012729887549920585,55.27688600473469,0.18167363356367072,3.901694125283438,rbf,"{'C': np.float64(55.27688600473469), 'epsilon': np.float64(0.18167363356367072), 'gamma': np.float64(3.901694125283438), 'kernel': 'rbf'}",-7.483402312595587,-8.512869826470084,-8.384848792716882,-7.545109650835851,-7.913261871312511,-7.967898490786183,0.4212632006365019,36
0.010236167907714843,0.0031632702947925503,0.0019488334655761719,0.001633027885225262,59.36146610035168,1.0653290864015392,1.1916341508927868,rbf,"{'C': np.float64(59.36146610035168), 'epsilon': np.float64(1.0653290864015392), 'gamma': np.float64(1.1916341508927868), 'kernel': 'rbf'}",-8.96635622414347,-10.257001004895397,-9.150174697003274,-9.103918450649191,-9.115237401188692,-9.318537555576004,0.47338857211350543,157
0.005779790878295899,0.0001880785872054289,0.0011320114135742188,2.4216098908280827e-05,44.692626011228214,0.10514141020669915,0.8971823364849015,rbf,"{'C': np.float64(44.692626011228214), 'epsilon': np.float64(0.10514141020669915), 'gamma': np.float64(0.8971823364849015), 'kernel': 'rbf'}",-9.422460219627407,-10.777527490352332,-9.410170422604544,-8.9839271000656,-9.455739355030868,-9.60996491753615,0.6089313732133248,180
0.006966733932495117,0.0004873061735302187,0.001195240020751953,0.00015314665945653037,62.42184775770218,0.5998692111686226,2.966917759372865,rbf,"{'C': np.float64(62.42184775770218), 'epsilon': np.float64(0.5998692111686226), 'gamma': np.float64(2.966917759372865), 'kernel': 'rbf'}",-7.382368158365128,-8.549311340112007,-8.438315315893615,-7.468598411657257,-7.908139787424887,-7.9493466026905795,0.4802768930057862,20
0.008233022689819337,0.0013192495912911848,0.0012010574340820313,2.175893171615795e-05,51.60197972467411,0.10622596307108359,0.897238870909926,rbf,"{'C': np.float64(51.60197972467411), 'epsilon': np.float64(0.10622596307108359), 'gamma': np.float64(0.897238870909926), 'kernel': 'rbf'}",-9.359188725600735,-10.801951135794242,-9.493337925104708,-9.052798399953337,-9.397443226164688,-9.620943882523543,0.6086573761288423,181
0.00825657844543457,0.0012290115434354753,0.0022480010986328123,0.0014192500176369704,51.00778962426485,0.6643740107601919,1.8399113794464617,rbf,"{'C': np.float64(51.00778962426485), 'epsilon': np.float64(0.6643740107601919), 'gamma': np.float64(1.8399113794464617), 'kernel': 'rbf'}",-8.097839187495161,-9.245577808730756,-8.977530772048247,-8.166136661165053,-8.3580270397788,-8.569022293843606,0.4590110873288636,127
0.010474967956542968,0.00295545959586887,0.0028234004974365236,0.0019898541870825496,34.94659869935553,0.3180570449425085,2.5429149579346246,rbf,"{'C': np.float64(34.94659869935553), 'epsilon': np.float64(0.3180570449425085), 'gamma': np.float64(2.5429149579346246), 'kernel': 'rbf'}",-7.618118718299141,-8.684081834857867,-8.463358618119544,-7.6652685984117275,-8.015859909028162,-8.089337535743288,0.42447453411055536,82
0.014152288436889648,0.002061295397791231,0.0020035743713378907,0.0016063698196997962,35.36181337062475,0.2101396103854275,2.0728725080573938,rbf,"{'C': np.float64(35.36181337062475), 'epsilon': np.float64(0.2101396103854275), 'gamma': np.float64(2.0728725080573938), 'kernel': 'rbf'}",-8.04707092722775,-8.88368526888824,-8.680317520413649,-8.119806496793593,-8.242891816297265,-8.3947544059241,0.32867676563384585,117
0.012630414962768555,0.002153361479014031,0.0028655529022216797,0.0020952601563976442,39.818580114099525,1.1426651421426837,2.2948767140659525,rbf,"{'C': np.float64(39.818580114099525), 'epsilon': np.float64(1.1426651421426837), 'gamma': np.float64(2.2948767140659525), 'kernel': 'rbf'}",-7.742694836516187,-8.907732120707955,-8.645991732961631,-7.777443418092157,-8.185595116457401,-8.251891444947066,0.4635125345426806,108
0.012459659576416015,0.002069380191169003,0.0022269725799560548,0.0015646582769984828,33.516927676206095,0.0689171197860334,1.6940112288697913,rbf,"{'C': np.float64(33.516927676206095), 'epsilon': np.float64(0.0689171197860334), 'gamma': np.float64(1.6940112288697913), 'kernel': 'rbf'}",-8.553649205302515,-9.281544212856302,-8.850668645707024,-8.468983543785914,-8.537016063292315,-8.738372334188814,0.3016234254580998,132
0.015381860733032226,0.00275352135117518,0.0028246402740478515,0.0019846224977883363,62.44775345490171,0.2247971849965228,2.904565497303714,rbf,"{'C': np.float64(62.44775345490171), 'epsilon': np.float64(0.2247971849965228), 'gamma': np.float64(2.904565497303714), 'kernel': 'rbf'}",-7.319160855167799,-8.500453245031208,-8.418076961326811,-7.426021008043743,-7.87850064347448,-7.9084425426088085,0.48807455865142285,5
0.009457206726074219,0.00145580867430037,0.006646013259887696,0.0025527272673856135,32.2595400376535,0.8703341852488579,2.381664493047529,rbf,"{'C': np.float64(32.2595400376535), 'epsilon': np.float64(0.8703341852488579), 'gamma': np.float64(2.381664493047529), 'kernel': 'rbf'}",-7.83687748840761,-8.793274269643145,-8.5486688579383,-7.865775820778157,-8.16880250523791,-8.242679788401023,0.3765563845980932,107
0.008980655670166015,0.003718179881391251,0.0019012451171875,0.0016214264853750737,40.712748298837624,1.0649701844405977,3.9614332446663516,rbf,"{'C': np.float64(40.712748298837624), 'epsilon': np.float64(1.0649701844405977), 'gamma': np.float64(3.9614332446663516), 'kernel': 'rbf'}",-7.679577710562949,-8.634943766996324,-8.48888875256842,-7.697377875467244,-8.068464260025936,-8.113850473124176,0.39402895761811585,88
0.01132669448852539,0.0017887419232087394,0.0035751819610595702,0.001979011970918114,56.67675402096319,0.5159360922387995,3.1595068931589383,rbf,"{'C': np.float64(56.67675402096319), 'epsilon': np.float64(0.5159360922387995), 'gamma': np.float64(3.1595068931589383), 'kernel': 'rbf'}",-7.372692314345416,-8.529069465483495,-8.42130477085638,-7.4628400704262505,-7.86580432236224,-7.930342188694756,0.47607044818845823,10
0.009125137329101562,0.0020651107096344716,0.0012160301208496093,0.0001622577149082819,43.158282288006426,0.7540519389501475,2.4366063140287118,rbf,"{'C': np.float64(43.158282288006426), 'epsilon': np.float64(0.7540519389501475), 'gamma': np.float64(2.4366063140287118), 'kernel': 'rbf'}",-7.588971456636408,-8.797241250719747,-8.610392178636936,-7.6240528193508315,-8.041652587951251,-8.132462058659035,0.4964789870377346,93
0.006883573532104492,0.0005630213306031389,0.0011020660400390624,2.9595266134897327e-05,63.23442353620551,0.8408658853798716,1.1075709785654997,rbf,"{'C': np.float64(63.23442353620551), 'epsilon': np.float64(0.8408658853798716), 'gamma': np.float64(1.1075709785654997), 'kernel': 'rbf'}",-9.089418873366942,-10.460602472700238,-9.222258385064796,-9.197556516753314,-9.19214392990633,-9.432396035558323,0.5161143898754709,166
0.01030735969543457,0.002772374104416751,0.001909160614013672,0.0016341892622754085,54.83057671585435,1.0598605851409504,3.1448432913356603,rbf,"{'C': np.float64(54.83057671585435), 'epsilon': np.float64(1.0598605851409504), 'gamma': np.float64(3.1448432913356603), 'kernel': 'rbf'}",-7.468545202089942,-8.606073247554475,-8.452351271687835,-7.525909230345176,-7.922153311137892,-7.9950064525630635,0.46585150936304215,51
0.012750816345214844,0.008177958697849324,0.001175832748413086,5.697803004369819e-05,40.98657188860197,0.1114497598591978,3.7125197245488715,rbf,"{'C': np.float64(40.98657188860197), 'epsilon': np.float64(0.1114497598591978), 'gamma': np.float64(3.7125197245488715), 'kernel': 'rbf'}",-7.403516215582896,-8.509221500976208,-8.379702259544013,-7.501260782789483,-7.810292649468124,-7.920798681672144,0.4500308188417929,8
0.006241655349731446,0.0002059527859947224,0.0012310981750488282,0.00020655045711707106,53.31988031127115,0.19423910432763936,3.598099599269785,rbf,"{'C': np.float64(53.31988031127115), 'epsilon': np.float64(0.19423910432763936), 'gamma': np.float64(3.598099599269785), 'kernel': 'rbf'}",-7.3834454057220515,-8.490086080060847,-8.375846525829003,-7.462933689550877,-7.846664344993994,-7.911795209231355,0.45489255081067986,6
0.011185550689697265,0.0037166494914628234,0.0029872894287109376,0.00198911930178135,53.85137742298461,1.1340691324282717,3.443495558761567,rbf,"{'C': np.float64(53.85137742298461), 'epsilon': np.float64(1.1340691324282717), 'gamma': np.float64(3.443495558761567), 'kernel': 'rbf'}",-7.540650349683705,-8.60442928758256,-8.435534986593497,-7.583382190430218,-7.976171642299104,-8.028033691317816,0.4327207737368737,62
0.009597873687744141,0.0030358619566776563,0.0012481689453125,0.00011058566155620507,58.87664379360046,0.06158901626102611,3.1048785338444627,rbf,"{'C': np.float64(58.87664379360046), 'epsilon': np.float64(0.06158901626102611), 'gamma': np.float64(3.1048785338444627), 'kernel': 'rbf'}",-7.2929765626492875,-8.459658877619216,-8.388097135985348,-7.412092123339583,-7.829887652192994,-7.876542470357284,0.48169552331026827,2
0.006295537948608399,0.00027460184611848286,0.0013358116149902344,0.0003145808392342417,56.64772022760968,0.506741133328549,3.553939374379641,rbf,"{'C': np.float64(56.64772022760968), 'epsilon': np.float64(0.506741133328549), 'gamma': np.float64(3.553939374379641), 'kernel': 'rbf'}",-7.437997964999025,-8.525149538624085,-8.390997801982769,-7.499901025755377,-7.89884302205116,-7.950577870682483,0.4455618004978798,21
0.0157376766204834,0.0038029981315292035,0.0021190643310546875,0.0015993029927423071,45.88138792059735,0.23850578865574512,1.636798653262669,rbf,"{'C': np.float64(45.88138792059735), 'epsilon': np.float64(0.23850578865574512), 'gamma': np.float64(1.636798653262669), 'kernel': 'rbf'}",-8.45694541028483,-9.449536296941568,-8.921116933806841,-8.545588335292273,-8.545731096126353,-8.783783614490373,0.3694093336789039,134
0.015592527389526368,0.002315229136465526,0.0011823654174804687,2.113491614261214e-05,42.40404871294375,0.061214319293067254,3.304515417663418,rbf,"{'C': np.float64(42.40404871294375), 'epsilon': np.float64(0.061214319293067254), 'gamma': np.float64(3.304515417663418), 'kernel': 'rbf'}",-7.309215015301312,-8.509331487121742,-8.350173016412429,-7.4099684370340375,-7.780972931524489,-7.871932177478802,0.484422721695962,1
0.009629535675048827,0.00256050829511854,0.0021421432495117186,0.0015872997508145365,64.93090441284929,1.198900660668358,0.7277935924655985,rbf,"{'C': np.float64(64.93090441284929), 'epsilon': np.float64(1.198900660668358), 'gamma': np.float64(0.7277935924655985), 'kernel': 'rbf'}",-9.489608172115787,-11.100728613404039,-9.51784309590002,-9.224096290174929,-9.617137120520939,-9.789882658423142,0.6681979712263907,185
0.010806560516357422,0.006589691434124242,0.0027855396270751952,0.0032082536317566412,30.68487206741649,1.0398684700931324,3.116617945321097,rbf,"{'C': np.float64(30.68487206741649), 'epsilon': np.float64(1.0398684700931324), 'gamma': np.float64(3.116617945321097), 'kernel': 'rbf'}",-7.506519761297081,-8.668242358002756,-8.390168203764679,-7.660009827794142,-7.934411982994119,-8.031870426770556,0.4375198982690901,66
0.009185409545898438,0.0032679775609518935,0.002299976348876953,0.00225738682991955,37.375269951808704,0.355009119969006,2.6497840501567365,rbf,"{'C': np.float64(37.375269951808704), 'epsilon': np.float64(0.355009119969006), 'gamma': np.float64(2.6497840501567365), 'kernel': 'rbf'}",-7.498045385902667,-8.659369237916206,-8.441057340272092,-7.591979448152218,-7.947385484895415,-8.027567379427719,0.4575384267619481,61
0.006044816970825195,0.00017378188762122998,0.0011520862579345703,5.376651378443901e-05,30.577967639940663,0.4768532437375746,2.8431575551421213,rbf,"{'C': np.float64(30.577967639940663), 'epsilon': np.float64(0.4768532437375746), 'gamma': np.float64(2.8431575551421213), 'kernel': 'rbf'}",-7.553911605529888,-8.635731014239447,-8.326058491114953,-7.665398652026326,-7.95301267305812,-8.026822487193746,0.40497692764839016,60
0.006035375595092774,0.00015774789394593525,0.0012569427490234375,0.0002516782026051291,27.911638242191245,0.1869679478577928,1.9371792900897986,rbf,"{'C': np.float64(27.911638242191245), 'epsilon': np.float64(0.1869679478577928), 'gamma': np.float64(1.9371792900897986), 'kernel': 'rbf'}",-8.402514211014442,-8.986803142488158,-8.739110049132217,-8.252059257743097,-8.385834127018676,-8.553264157479317,0.26980641209988987,126
0.0067118644714355465,0.0007385064899226939,0.0010704517364501954,6.0738161329150506e-05,48.952068611115514,0.9482875503965787,1.9096018306709137,rbf,"{'C': np.float64(48.952068611115514), 'epsilon': np.float64(0.9482875503965787), 'gamma': np.float64(1.9096018306709137), 'kernel': 'rbf'}",-8.015306686073027,-9.16471781552394,-8.91712364496321,-8.086729958017369,-8.336599991874596,-8.504095619290428,0.4578596592399621,123
0.008343076705932618,0.002069344311093547,0.0019671440124511717,0.0016196856377618982,63.63840313364883,0.6406633396860721,1.2509723202734848,rbf,"{'C': np.float64(63.63840313364883), 'epsilon': np.float64(0.6406633396860721), 'gamma': np.float64(1.2509723202734848), 'kernel': 'rbf'}",-8.869595791667203,-10.222454386897674,-9.19278414279804,-9.076424053040475,-9.000304379254066,-9.272312550731492,0.48654615678495583,155
0.005877113342285157,0.0001448582785913895,0.0011171340942382813,3.184815334058225e-05,32.53501328696293,0.6804852838569796,1.5194956679767777,rbf,"{'C': np.float64(32.53501328696293), 'epsilon': np.float64(0.6804852838569796), 'gamma': np.float64(1.5194956679767777), 'kernel': 'rbf'}",-8.840355259045577,-9.560546576519766,-8.970633997290257,-8.631373516894085,-8.76246374359257,-8.95307461866845,0.32306664017416553,140
0.011983537673950195,0.0034657534563332765,0.001172351837158203,5.0107713039300726e-05,40.923438542306286,0.6633737903512477,3.4652696889596064,rbf,"{'C': np.float64(40.923438542306286), 'epsilon': np.float64(0.6633737903512477), 'gamma': np.float64(3.4652696889596064), 'kernel': 'rbf'}",-7.446648560709495,-8.574936506580027,-8.404414923777237,-7.524076747306174,-7.85053714946154,-7.960122777566895,0.45633153613089744,29
0.010664892196655274,0.002861387620573239,0.0022001266479492188,0.002092858326586314,32.600127027322024,0.5624939349365193,2.7818563649426196,rbf,"{'C': np.float64(32.600127027322024), 'epsilon': np.float64(0.5624939349365193), 'gamma': np.float64(2.7818563649426196), 'kernel': 'rbf'}",-7.534481260841514,-8.658518235212155,-8.360768593530311,-7.65374635219031,-7.960076932593761,-8.033518274873611,0.42340902372826245,67
0.005789518356323242,0.00046100645061353045,0.0012079715728759766,0.00021424912771262023,58.45474357973058,0.746805550676354,0.7637172424908785,rbf,"{'C': np.float64(58.45474357973058), 'epsilon': np.float64(0.746805550676354), 'gamma': np.float64(0.7637172424908785), 'kernel': 'rbf'}",-9.473755352385451,-11.04560976440156,-9.444564084928146,-9.132040577163492,-9.60400138012058,-9.739994231799844,0.6709539080230297,183
0.007723808288574219,0.0020995186535577876,0.007750177383422851,0.006100457803105131,38.49953932929925,0.8661246806866719,3.8361173190373727,rbf,"{'C': np.float64(38.49953932929925), 'epsilon': np.float64(0.8661246806866719), 'gamma': np.float64(3.8361173190373727), 'kernel': 'rbf'}",-7.603202188154764,-8.611793041377101,-8.459633243933718,-7.658723736304984,-7.980196997169328,-8.06270984138798,0.40992706032655546,76
0.0070798397064208984,0.00035424049231650513,0.001113557815551758,2.79471325464354e-05,63.531886977727325,0.7416040613290678,2.719196368291457,rbf,"{'C': np.float64(63.531886977727325), 'epsilon': np.float64(0.7416040613290678), 'gamma': np.float64(2.719196368291457), 'kernel': 'rbf'}",-7.436355405188023,-8.624864006654875,-8.496026477023236,-7.480481232631087,-7.96438233132531,-8.000421890564507,0.4950474724698058,55
0.008032894134521485,0.0005841361764986546,0.0014266490936279297,0.00038931911107194836,58.95089758803185,0.4283287725238358,2.02600090652148,rbf,"{'C': np.float64(58.95089758803185), 'epsilon': np.float64(0.4283287725238358), 'gamma': np.float64(2.02600090652148), 'kernel': 'rbf'}",-7.800644808988277,-9.135241575492046,-8.94883725047748,-7.827521853187599,-8.210932617996352,-8.38463562122835,0.559164828950585,116
0.010571956634521484,0.006323935877971027,0.0013851165771484376,0.0007734090505918601,59.28352736240545,0.6480848677934109,3.9625127597143566,rbf,"{'C': np.float64(59.28352736240545), 'epsilon': np.float64(0.6480848677934109), 'gamma': np.float64(3.9625127597143566), 'kernel': 'rbf'}",-7.59912844065792,-8.571353169905688,-8.437753959825018,-7.638489572954135,-8.020235969396028,-8.053392222547759,0.3989026491189164,73
0.011309528350830078,0.002505512044543045,0.0011576175689697265,1.4643326751919948e-05,35.472902629945104,0.25653879878754143,3.7292131814124785,rbf,"{'C': np.float64(35.472902629945104), 'epsilon': np.float64(0.25653879878754143), 'gamma': np.float64(3.7292131814124785), 'kernel': 'rbf'}",-7.435314245380328,-8.5527447839668,-8.385529448326912,-7.54352722518463,-7.864278175193888,-7.956278775610511,0.4450302986912037,25
